No,Index,nCsp2,SpMax_EA(ri),SpMax_AEA(dm),SM11_EA,Eig03_EA,B03[C-N],S1K,piPC05,piPC07,AAC,SIC4,SpDiam_B(e),SpMax1_Bh(i),Mor31v,TE1,logTg,Series
1,PPD_007,1,1.568,3.15,8.507,-1.0,0,4.494,0.0,0.0,0.722,0.0,4.599,3.374,0.079,1.028,2.7077,T
2,PPD_008,1,2.352,3.621,8.507,-1.0,1,3.948,0.0,0.0,1.371,0.0,4.608,3.425,0.023,2.84,2.852,T
3,PPD_010,2,2.446,4.15,10.289,0.821,1,8.896,2.565,2.197,1.096,1.0,4.766,3.443,0.161,5.075,2.8177,T
5,PPD_019,1,2.378,3.898,9.304,0.471,0,6.468,2.485,0.0,1.299,0.875,4.717,3.427,0.031,3.641,2.7552,T
6,PPD_029,1,2.379,3.779,9.306,1.887,0,18.221,3.045,2.944,0.426,0.726,4.656,3.383,1.177,10.695,2.7687,T
7,PPD_030,2,2.38,3.78,10.447,1.608,0,9.568,4.159,3.738,0.75,1.0,5.047,3.575,0.047,6.919,2.7421,T
8,PPD_034,2,2.418,3.8,10.564,1.293,0,7.252,2.708,2.565,0.845,1.0,4.683,3.411,0.26,5.787,2.7268,T
10,PPD_067,5,2.79,5.479,12.897,2.278,0,18.714,5.796,6.071,0.812,0.647,5.372,3.734,-0.268,10.514,2.8223,T
11,PPD_076,2,2.731,4.101,10.896,0.853,1,7.338,1.946,0.0,1.224,0.889,5.125,3.616,0.078,4.113,2.8421,T
14,PPD_087,4,2.878,3.852,11.946,1.945,0,23.753,4.86,5.283,0.544,0.8,5.396,3.718,1.039,16.424,2.7452,T
15,PPD_088,4,2.878,3.852,11.946,1.937,0,22.197,4.844,5.273,0.567,0.796,5.396,3.718,0.907,14.96,2.7499,T
16,PPD_093,4,2.878,3.852,11.946,1.897,0,17.532,4.796,5.242,0.65,0.782,5.396,3.718,0.729,12.334,2.7514,T
19,PPD_096,4,2.878,3.852,11.946,1.816,0,12.873,4.745,5.165,0.764,0.76,5.396,3.718,0.304,9.477,2.779,T
20,PPD_097,4,2.914,3.913,11.998,1.853,0,14.425,4.812,5.043,0.722,0.907,5.412,3.727,0.358,10.575,2.756,T
21,PPD_106,0,1.281,2.83,0.0,-1.414,0,3.169,0.0,0.0,1.0,0.0,3.899,3.077,0.022,2.111,2.7673,T
23,PPD_109,5,3.107,3.862,12.166,2.274,0,10.478,5.176,5.323,0.868,0.781,5.485,3.932,-0.023,3.368,2.8458,T
24,PPD_112,2,2.454,3.846,10.139,1.188,0,9.948,3.296,2.708,0.918,0.721,4.898,3.499,0.129,6.858,2.746,T
25,PPD_113,2,2.446,3.839,10.028,0.797,0,8.39,3.135,1.099,0.971,0.699,4.894,3.496,0.011,5.553,2.8103,T
26,PPD_114,2,2.456,3.847,10.158,1.463,0,11.506,3.497,2.944,0.863,0.737,4.899,3.499,0.313,8.001,2.726,T
27,PPD_121,0,1.618,1.932,0.0,-0.618,0,3.948,0.0,0.0,0.971,0.228,3.601,2.837,0.108,3.39,2.6722,T
28,PPD_122,1,2.339,3.052,9.397,0.826,0,6.688,1.099,0.0,0.811,0.625,4.124,3.134,0.186,4.062,2.6814,T
30,PPD_124,3,2.771,3.892,11.235,1.595,0,12.377,3.178,2.485,0.837,0.966,5.01,3.545,0.359,9.456,2.7628,T
32,PPD_128,3,2.707,3.679,11.459,1.287,1,9.234,2.565,0.0,1.096,0.857,4.96,3.651,0.287,7.118,2.7522,T
33,PPD_132,2,2.727,4.581,12.603,1.265,0,9.649,2.565,0.0,1.435,0.784,4.955,3.654,0.155,5.829,2.7925,T
34,PPD_133,3,3.166,4.61,13.312,1.474,0,11.455,2.708,1.946,1.42,0.917,4.98,3.691,0.194,7.066,2.7904,T
35,PPD_141,2,3.361,4.221,13.352,1.671,0,8.241,2.565,2.197,0.811,0.954,4.968,3.666,0.222,6.854,2.7833,T
37,PPD_158,3,2.685,3.678,11.173,1.414,0,8.113,2.773,2.708,0.811,1.0,4.923,3.622,0.317,6.373,2.7783,T
38,PPD_161,3,2.807,3.627,11.364,1.414,0,5.921,4.205,1.609,0.503,1.0,5.336,3.827,0.09,1.497,2.7988,T
39,PPD_162,0,2.0,2.0,0.0,1.0,0,2.889,3.611,0.0,0.0,0.0,4.83,3.417,0.015,1.124,2.9091,T
41,PPD_166,5,3.076,3.645,12.767,2.121,0,10.44,5.624,6.168,0.297,0.975,5.627,4.008,-0.107,6.406,2.8866,T
42,PPD_170,2,2.641,3.616,10.736,1.0,0,6.099,4.344,3.892,0.0,1.0,5.219,3.613,0.097,2.261,2.7775,T
43,PPD_189,0,1.807,4.404,7.624,-1.0,0,1.253,0.0,0.0,0.918,0.0,3.026,2.974,0.079,0.396,2.6956,T
45,PPD_209,1,2.379,4.432,12.468,0.568,0,8.286,2.565,0.0,1.352,0.541,4.762,3.55,0.031,3.852,2.7333,T
46,PPD_211,3,2.928,3.847,11.41,1.414,0,7.483,4.443,4.174,0.866,1.0,5.332,3.711,0.051,2.674,2.7847,T
47,PPD_212,2,2.735,3.419,10.342,-1.0,0,4.883,0.0,0.0,0.65,0.0,4.887,3.468,0.193,1.863,2.8083,T
49,PPD_215,1,2.414,3.565,8.507,-1.0,0,4.013,0.0,0.0,0.722,0.0,4.607,3.337,0.138,1.56,2.759,T
50,PPD_216,0,1.544,4.196,0.0,0.445,0,6.026,1.386,0.0,0.592,0.857,3.999,2.984,0.263,1.8,2.7211,T
52,PPD_219,1,2.215,4.574,10.05,1.0,0,5.806,4.078,3.367,0.503,1.0,5.052,3.524,0.034,1.763,2.819,T
53,SA_001,4,3.193,3.731,12.772,2.043,0,5.376,5.425,6.111,0.0,1.0,5.624,3.877,0.036,1.864,2.6877,T
54,SA_003,3,2.64,3.697,10.992,1.842,0,7.933,4.489,4.511,0.65,1.0,5.258,3.643,0.022,4.447,2.5901,T
55,SA_007,1,2.338,3.671,10.729,0.854,0,4.838,1.946,1.609,0.811,1.0,4.297,3.303,0.148,3.256,2.2904,T
56,SA_012,3,2.686,3.859,11.178,2.0,0,9.676,4.875,4.691,0.696,0.781,5.189,3.659,-0.08,6.678,2.6505,T
58,SA_031,15,3.229,4.73,14.137,3.172,1,53.391,5.743,6.297,1.401,0.749,5.314,3.82,-0.202,60.53,2.5134,T
59,SA_034,0,1.618,2.183,0.0,-0.618,0,4.403,0.0,0.0,0.722,0.4,4.326,3.285,0.067,0.992,2.3676,T
60,SA_042,1,2.299,3.424,10.05,1.0,0,5.423,2.708,1.946,0.503,0.86,4.396,3.226,0.422,3.892,2.5492,T
61,SA_054,2,2.628,3.554,10.342,-1.0,0,4.909,0.0,0.0,0.918,0.0,4.64,3.429,0.174,2.569,2.7,T
62,SA_055,4,2.736,3.804,11.459,1.287,0,9.169,2.944,0.0,0.845,0.646,5.112,3.727,0.276,5.401,2.6356,T
64,SA_065,2,2.877,3.484,11.968,1.682,0,8.604,4.419,4.263,0.735,1.0,5.148,3.551,0.059,-999.0,2.2722,T
65,SA_066,2,2.642,3.633,10.671,1.206,0,5.334,4.234,3.497,0.0,1.0,5.228,3.781,0.049,1.921,2.4671,T
67,SA_071,1,2.332,3.706,8.737,1.0,1,7.091,1.792,1.386,1.224,1.0,4.452,3.371,0.252,5.591,2.5121,T
68,SA_073,2,2.626,3.808,11.297,1.914,1,13.222,3.401,3.219,0.953,0.926,4.708,3.457,0.74,9.286,2.52,T
71,SA_080,0,1.848,1.848,0.0,0.765,0,6.234,1.609,1.099,0.0,1.0,4.011,3.148,0.401,2.427,2.3225,T
72,SA_085,6,3.157,4.071,13.227,2.49,1,9.93,5.425,5.802,0.986,1.0,5.678,4.079,-0.066,7.259,2.6974,T
73,SA_086,1,2.626,3.78,10.624,0.14,1,5.753,0.0,0.0,1.149,0.327,4.658,3.53,0.141,3.136,2.5589,T
75,SA_095,0,1.939,2.353,0.0,1.618,0,11.87,2.485,2.303,0.353,0.919,4.067,3.064,0.8,5.975,2.3246,T
77,SA_097,1,2.457,3.686,10.671,-0.589,0,2.889,0.0,0.0,1.371,0.6,3.991,3.285,0.058,1.267,2.3999,T
78,SA_098,1,2.558,3.636,10.671,-0.589,0,2.409,0.0,0.0,0.722,0.6,4.02,3.281,0.143,1.718,2.3078,T
80,SA_100,1,2.58,3.642,10.729,1.124,0,5.423,1.946,1.609,0.503,1.0,4.223,3.289,0.387,3.089,2.3142,T
81,SA_104,10,3.202,3.733,13.537,2.536,0,22.882,4.625,4.787,0.938,0.987,5.016,3.775,0.461,28.311,2.4999,T
82,SA_108,4,2.918,3.917,12.001,1.894,0,8.294,4.804,5.1,0.863,0.962,5.416,3.892,-0.007,7.289,2.5107,T
84,SA_110,6,3.03,3.941,12.548,2.492,0,10.161,5.447,6.19,0.764,0.973,5.618,4.009,-0.047,8.878,2.5868,T
86,SA_117,0,1.294,2.296,0.0,-0.618,0,4.078,0.0,0.0,0.722,0.4,3.963,3.028,0.067,2.32,2.362,T
87,SA_127,2,2.882,3.612,11.618,1.532,0,4.111,4.511,4.489,0.0,1.0,5.278,3.702,0.134,1.62,2.5541,T
89,SA_133,2,2.912,3.827,11.198,1.147,0,6.125,4.263,3.97,0.469,1.0,5.252,3.672,0.07,2.764,2.5405,T
90,SA_139,0,1.458,2.337,0.0,0.0,0,4.857,1.099,0.0,0.65,0.667,3.996,3.043,0.149,2.756,2.3505,T
91,SA_146,0,1.857,2.465,7.409,0.618,0,2.323,0.0,0.0,0.722,0.655,3.694,3.048,0.19,1.671,2.2768,T
92,SA_148,4,2.878,3.852,11.946,1.851,0,14.425,4.762,5.198,0.722,0.769,5.396,3.718,0.332,10.578,2.4626,T
94,SA_158,3,3.315,3.872,13.306,1.873,0,10.47,4.654,5.03,0.567,0.919,5.405,3.714,0.192,5.718,2.573,T
95,SA_160,5,3.188,3.678,13.036,1.934,1,7.561,5.529,6.159,0.353,1.0,5.607,3.902,-0.179,4.413,2.6991,T
96,SA_162,2,2.722,3.795,11.226,1.287,0,7.073,3.045,2.565,0.684,0.895,4.786,3.584,0.502,5.118,2.543,T
97,SA_164,0,1.0,2.008,0.0,0.0,0,2.494,0.0,0.0,0.918,0.0,3.153,2.727,0.091,0.853,2.4971,T
99,SA_171,1,2.472,3.308,9.976,1.0,1,4.508,3.932,2.565,0.544,1.0,5.037,3.737,0.162,2.047,2.5765,T
100,SA_172,1,2.484,3.474,9.976,1.0,1,4.508,3.932,2.565,0.544,1.0,5.037,3.733,0.143,1.98,2.6182,T
101,JPS_01,0,3.476,4.951,15.599,1.328,0,7.676,1.946,0.0,1.295,0.697,5.164,4.011,-0.043,3.86,2.3483,T
102,JPS_02,2,2.111,3.616,10.342,-1.0,0,5.481,0.0,0.0,0.918,0.0,4.298,3.406,0.065,2.332,2.5888,T
103,JPS_03,0,1.618,1.618,0.0,-0.618,0,5.558,0.0,0.0,1.522,0.228,3.624,2.853,-0.028,-999.0,2.1703,T
104,JPS_04,1,2.298,4.581,12.487,0.755,0,8.779,2.485,0.0,1.485,0.757,4.76,3.601,0.072,5.249,2.42,T
105,JPS_05,1,1.807,3.146,7.624,-1.0,0,3.519,0.0,0.0,1.0,0.0,3.847,3.116,0.083,1.386,2.3674,T
106,JPS_06,1,2.201,2.897,8.733,0.186,0,5.727,1.609,0.0,0.592,0.613,4.164,3.238,0.223,3.255,2.3997,T
107,JPS_08,0,1.397,2.296,0.0,-0.618,0,4.078,0.0,0.0,0.722,0.228,3.604,2.981,0.164,1.937,2.4048,T
108,JPS_09,0,1.707,2.348,0.0,0.445,0,5.636,1.386,0.0,0.592,0.857,4.016,3.185,0.239,3.117,2.3444,T
109,JPS_10,0,1.2,2.762,0.0,0.0,0,2.364,0.0,0.0,0.918,0.0,3.762,2.945,0.052,0.823,2.3139,T
110,JPS_12,1,2.532,3.671,10.729,1.124,0,5.601,1.946,1.609,0.764,1.0,4.181,3.467,0.314,3.683,2.2878,T
111,JPS_13,0,1.784,2.352,0.0,0.765,0,6.416,1.609,1.099,0.544,1.0,4.03,3.197,0.363,3.44,2.316,T
113,JPS_15,0,1.895,2.353,0.0,1.31,0,8.753,2.079,1.792,0.439,1.0,4.053,3.213,0.5,4.499,2.2878,T
114,JPS_16,1,2.459,3.502,9.881,1.342,0,8.844,2.398,1.386,0.439,1.0,4.27,3.335,0.365,4.883,2.316,T
115,JPS_17,0,1.928,2.353,0.0,1.497,0,10.312,2.303,2.079,0.391,1.0,4.061,3.218,0.588,5.144,2.2945,T
117,JPS_19,1,2.214,2.73,8.697,-0.539,0,4.766,0.0,0.0,0.0,0.371,4.177,3.189,0.257,1.845,2.48,T
119,JPS_21,1,2.379,3.779,9.281,0.274,0,5.753,1.099,0.0,0.863,0.714,4.555,3.464,0.177,3.372,2.4518,T
120,JPS_22,0,1.281,2.123,0.0,-1.414,0,3.299,0.0,0.0,0.811,0.0,3.441,2.861,0.097,1.533,2.415,T
121,JPS_23,2,2.336,3.584,9.984,0.354,0,6.623,1.386,0.0,0.811,0.75,4.548,3.445,0.257,4.198,2.4786,T
122,JPS_24,1,2.164,3.779,9.281,0.274,0,5.753,1.099,0.0,0.863,0.714,4.651,3.496,0.074,3.648,2.3997,T
123,JPS_25,3,2.576,3.661,10.922,1.0,0,7.494,1.946,0.0,0.764,0.708,4.94,3.62,0.245,4.628,2.5145,T
124,JPS_26,0,1.0,1.0,0.0,0.0,0,2.338,0.0,0.0,0.0,0.0,3.111,2.556,0.169,0.842,2.3674,T
126,JPS_28,2,2.55,3.64,10.678,1.785,0,14.416,2.773,2.639,0.503,0.937,4.911,3.605,0.86,7.712,2.3385,T
127,JPS_29,2,2.446,3.854,10.183,1.496,0,6.509,3.045,3.045,0.971,0.699,4.713,3.421,0.164,6.188,2.4346,T
128,JPS_30,0,1.397,3.02,0.0,-0.618,0,4.104,0.0,0.0,0.971,0.4,4.17,3.257,0.056,2.408,2.4829,T
130,JPS_34,0,0.0,0.86,0.0,0.0,0,1.584,0.0,0.0,1.0,0.0,2.224,2.21,0.007,1.353,2.3385,T
131,JPS_35,2,2.55,3.64,10.678,1.414,0,9.74,2.303,2.079,0.65,1.0,4.911,3.605,0.428,5.726,2.4281,T
132,JPS_36,1,3.317,4.218,13.275,1.414,0,9.87,2.197,1.609,0.65,0.954,4.952,3.644,0.452,6.599,2.4669,T
133,JPS_37,2,2.55,3.64,10.677,1.0,0,7.403,1.946,0.0,0.764,0.889,4.911,3.603,0.257,4.605,2.4886,T
134,JPS_38,2,2.549,3.639,10.671,0.724,0,6.623,1.099,0.0,0.811,0.667,4.676,3.506,0.2,4.351,2.5105,T
135,JPS_39,2,2.563,3.494,10.71,1.247,0,6.458,2.773,1.792,0.722,1.0,4.478,3.459,0.341,4.712,2.5105,T
138,JPS_42,0,1.414,1.414,0.0,-1.414,0,3.117,0.0,0.0,0.0,0.0,3.882,3.007,0.148,1.209,2.4298,T
143,JPS_47,2,2.68,3.641,10.677,1.0,0,7.429,1.946,0.0,0.918,0.889,4.911,3.604,0.098,5.786,2.5551,T
144,JPS_48,1,2.275,3.824,9.281,0.274,0,6.26,1.099,0.0,1.379,0.714,4.553,3.468,0.125,3.024,2.4829,T
145,JPS_49,2,2.68,3.641,10.677,1.0,0,7.909,1.946,0.0,1.224,0.889,4.911,3.604,0.165,4.114,2.5623,T
146,JPS_50,0,1.414,3.876,0.0,-1.414,1,3.052,0.0,0.0,0.811,0.0,4.342,3.324,0.066,0.696,2.5775,T
147,JPS_51,1,2.17,2.698,8.507,-1.0,0,3.987,0.0,0.0,0.0,0.0,4.495,3.321,0.179,1.282,2.3075,T
149,JPS_53,1,2.638,3.822,11.34,1.122,0,4.686,2.197,1.099,1.061,1.0,4.659,3.622,0.167,3.255,2.6212,T
150,JPS_54,1,2.732,3.314,11.023,1.0,0,5.997,4.043,3.219,0.986,1.0,5.109,3.704,-0.102,-999.0,2.2718,T
151,JPS_55,3,2.505,3.783,11.215,1.487,0,8.434,3.135,2.708,1.041,0.907,4.947,3.643,0.418,5.448,2.5877,T
152,JPS_56,0,1.0,2.048,0.0,0.0,0,2.844,0.0,0.0,0.918,0.0,3.125,2.596,0.084,0.483,2.5416,T
153,JPS_57,1,2.17,3.15,8.507,-1.0,0,4.494,0.0,0.0,0.722,0.0,4.501,3.336,0.135,0.859,2.3522,T
156,JPS_60,4,2.876,3.85,11.93,1.805,0,12.278,4.7,5.124,0.874,1.0,5.396,3.901,0.071,9.073,2.5378,T
158,JPS_63,2,2.691,3.543,11.409,1.466,0,6.278,4.317,3.714,0.469,1.0,5.281,3.833,0.041,3.567,2.6117,T
159,JPS_64,1,2.424,4.779,10.342,-1.0,0,2.044,0.0,0.0,0.811,0.0,3.779,3.304,0.149,0.68,2.5717,T
162,JPS_67,1,1.628,2.892,7.624,-1.0,0,4.221,0.0,0.0,1.0,0.0,3.823,2.959,0.058,0.625,2.5587,T
163,JPS_68,2,2.539,3.599,11.229,1.414,0,5.831,4.174,3.367,0.503,1.0,5.277,3.811,0.007,1.673,2.4082,T
164,JPS_69,3,2.637,3.668,11.907,1.512,0,7.188,4.29,3.611,0.722,1.0,5.407,3.869,0.009,1.608,2.5933,T
166,JPS_71,5,3.018,3.764,12.543,2.173,0,10.44,5.617,6.176,0.297,0.975,5.588,3.993,-0.056,5.95,2.5478,T
169,JPS_74,4,3.228,3.702,13.275,2.175,1,7.62,5.736,6.468,0.353,0.795,5.636,4.189,-0.085,4.054,2.6355,T
172,JPS_77,1,2.169,3.78,9.306,0.778,0,7.494,1.946,1.099,0.918,1.0,4.656,3.506,0.078,4.934,2.5717,T
173,JPS_78,2,2.617,3.702,10.901,1.414,0,9.922,2.197,1.946,0.811,1.0,4.695,3.538,0.336,6.962,2.3483,T
175,AF_01,1,2.499,3.464,9.976,1.0,0,4.483,2.565,1.609,0.0,0.833,4.438,3.373,0.403,2.305,2.29,T
176,AF_03,1,2.144,3.771,9.153,0.0,0,4.974,0.0,0.0,0.918,0.333,4.643,3.477,0.017,3.053,2.5599,T
178,AF_06,2,2.783,3.422,11.229,1.414,0,5.334,4.174,3.497,0.0,1.0,5.257,3.788,0.066,1.946,2.5416,T
181,AF_11,0,1.835,2.353,0.0,1.0,0,7.195,1.792,1.386,0.503,1.0,4.04,3.204,0.371,3.876,2.5786,T
182,AF_14,1,1.255,2.892,7.624,-1.0,0,4.221,0.0,0.0,1.0,0.0,4.352,3.213,0.05,0.494,2.3201,T
183,AF_15,2,2.732,3.314,11.023,1.0,0,5.334,4.143,3.611,0.0,1.0,5.208,3.763,0.079,1.939,2.4082,T
184,AF_16,1,2.181,3.431,9.782,0.797,0,8.091,1.792,1.099,0.722,1.0,4.177,3.307,0.389,5.484,2.6117,T
185,AF_22,0,1.865,1.939,0.0,1.0,0,7.039,1.792,1.386,0.503,1.0,4.021,3.162,0.378,3.974,2.2788,T
186,AF_24,0,1.827,1.924,0.0,0.765,0,6.26,1.609,1.099,0.544,1.0,4.013,3.151,0.311,3.756,2.3075,T
187,AF_25,1,2.176,3.779,9.306,1.525,0,10.429,2.398,2.197,0.619,1.0,4.656,3.506,0.553,6.107,2.316,T
188,AF_26,1,2.176,3.779,9.306,1.414,0,9.649,2.303,2.079,0.65,1.0,4.656,3.506,0.391,5.576,2.3181,T
190,AF_31,2,3.094,3.669,12.595,1.44,0,9.961,2.303,2.303,0.65,0.889,4.921,3.612,0.285,5.956,2.4969,T
191,AF_32,1,2.666,4.598,13.08,0.827,0,8.0,1.946,0.0,1.53,0.611,4.968,3.723,0.084,4.2,2.5024,T
192,AF_33,2,2.55,3.713,10.678,1.167,0,8.688,2.079,1.386,1.157,1.0,4.908,3.612,0.251,4.581,2.5038,T
195,AF_36,2,2.65,3.62,10.777,1.427,0,7.637,4.431,4.234,0.0,1.0,5.22,3.8,0.279,2.908,2.4133,T
197,AF_42,1,2.521,3.476,10.129,0.618,0,3.726,1.946,0.0,0.0,0.796,4.342,3.387,0.328,1.922,2.5224,T
199,AF_50,2,2.607,3.534,10.558,1.0,0,5.334,4.263,3.219,0.0,1.0,5.218,3.784,0.045,1.914,2.5717,T
202,AF_55,1,1.609,3.146,7.624,-1.0,0,3.519,0.0,0.0,1.0,0.0,4.372,3.336,0.052,1.064,2.3404,T
203,AF_56,2,2.543,3.631,10.624,0.14,0,5.844,0.0,0.0,0.863,0.429,4.907,3.587,0.132,3.522,2.3674,T
204,AF_57,2,2.625,3.696,10.896,0.853,0,7.909,1.609,0.0,1.224,0.889,4.921,3.624,0.165,3.912,2.5775,T
206,AF_61,1,2.765,3.948,10.342,-1.0,0,1.543,0.0,0.0,0.811,0.0,4.25,3.531,-0.035,0.847,2.3385,T
207,AF_62,0,1.771,1.904,0.0,0.445,0,5.481,1.386,0.0,0.592,0.857,4.001,3.137,0.226,3.362,2.29,T
208,AF_64,2,2.55,3.64,10.678,1.594,0,11.299,2.485,2.303,0.592,1.0,4.911,3.605,0.572,6.387,2.3096,T
209,AF_66,0,1.802,1.802,0.0,0.445,0,5.455,1.386,0.0,0.0,0.857,3.998,3.133,0.359,2.124,2.4031,T
210,AF_68,1,2.118,2.928,8.733,0.186,0,5.571,1.609,0.0,0.592,0.714,4.156,3.205,0.251,3.405,2.3424,T
211,AF_70,1,2.815,4.494,13.005,-1.0,0,6.39,0.0,0.0,0.985,0.0,4.94,3.678,0.076,2.405,2.4031,T
213,AF_72,1,2.17,2.698,8.507,-1.0,0,3.987,0.0,0.0,0.0,0.0,4.23,3.183,0.193,1.517,2.5038,T
217,AF_78,0,2.227,4.559,12.396,-1.0,0,5.364,0.0,0.0,1.0,0.0,4.675,3.551,0.089,2.059,2.4669,T
218,AF_79,1,2.537,3.483,10.194,0.849,0,4.483,2.197,1.609,0.0,0.833,4.288,3.372,0.389,2.224,2.4771,T
219,AF_81,2,2.55,3.713,10.677,1.0,0,7.909,1.946,0.0,1.224,0.889,4.908,3.611,0.169,4.177,2.5224,T
221,AF_83,0,1.682,2.599,0.0,0.445,0,5.818,1.609,0.0,0.863,0.552,4.124,3.261,0.008,4.078,2.5416,T
222,AF_84,2,2.303,3.796,9.984,0.354,0,6.623,1.609,0.0,0.811,0.667,4.708,3.528,0.15,4.155,2.5775,T
225,BT_096,3,2.557,3.652,10.826,1.211,0,8.273,2.303,0.0,0.722,0.84,4.919,3.61,0.295,5.179,2.5185,T
226,BT_238,20,3.858,4.873,15.826,3.391,1,39.592,7.152,8.089,1.022,0.854,5.845,4.253,-0.187,26.521,2.5944,T
227,BR_01,14,3.002,3.843,13.859,3.046,1,30.256,6.771,7.561,0.725,0.788,5.669,3.959,-0.431,19.338,2.6096,T
228,BR_02,14,3.109,3.843,13.934,3.132,1,30.256,6.778,7.566,0.725,0.749,5.689,3.974,-0.357,19.479,2.5922,T
229,BR_03,21,3.076,3.844,14.276,3.146,1,43.918,7.176,8.024,0.744,0.674,5.747,4.004,-0.827,29.061,2.5705,T
230,BR_04,22,2.981,4.748,14.346,2.986,0,34.251,6.653,7.319,0.455,0.749,5.741,4.075,0.483,-999.0,2.6435,T
231,BR_05,22,2.973,4.929,14.354,3.011,0,34.052,6.589,7.248,0.542,0.71,5.74,4.072,0.068,-999.0,2.5821,T
234,BR_08,18,2.981,4.931,13.935,3.065,1,33.933,6.669,7.418,0.514,0.836,5.594,4.067,-0.012,13.923,2.5551,T
235,BR_09,18,3.039,3.934,14.253,3.165,1,38.574,7.081,7.888,0.316,0.717,5.694,3.913,-0.87,20.4,2.5599,T
236,BR_10,18,3.112,3.906,14.408,3.245,1,38.574,7.125,7.928,0.316,0.745,5.733,3.931,-0.519,20.487,2.5832,T
239,BR_13,15,3.022,3.919,14.055,3.147,1,35.333,6.81,7.496,0.349,0.78,5.643,4.103,-0.245,18.855,2.5353,T
240,BR_14,18,3.034,3.927,14.235,3.158,1,42.905,7.101,7.842,0.297,0.794,5.673,3.906,-0.002,22.958,2.5416,T
242,BR_16,15,3.025,3.88,13.725,2.968,1,30.46,6.823,7.585,0.131,0.731,5.665,3.873,-0.513,12.882,2.549,T
243,BR_17,15,2.979,3.794,14.018,3.142,1,35.634,6.955,7.744,0.702,0.735,5.755,3.97,-0.082,23.766,2.5478,T
244,BR_18,22,3.013,3.885,14.271,3.15,1,46.155,7.133,7.883,0.286,0.779,5.672,4.11,-0.183,22.732,2.5955,T
245,BR_19,12,3.087,4.049,13.797,3.083,1,28.287,6.572,7.298,0.669,0.716,5.681,4.122,-0.067,15.484,2.6053,T
246,BR_20,12,3.086,4.049,13.797,3.083,1,29.279,6.572,7.298,0.669,0.716,5.681,4.121,-0.383,13.832,2.5145,T
247,BR_21,12,3.086,4.049,13.797,3.083,1,29.832,6.572,7.298,0.669,0.716,5.68,4.121,-0.543,13.692,2.5276,T
248,BR_22,18,3.273,3.888,14.708,3.39,1,30.064,7.284,8.266,0.362,0.628,5.833,4.077,-0.554,16.908,2.5378,T
249,BR_23,21,3.273,3.938,14.718,3.391,1,32.613,7.378,8.378,0.276,0.639,5.897,4.077,-0.738,16.625,2.6263,T
250,BR_24,15,3.012,3.872,13.697,2.932,1,30.46,6.804,7.594,0.131,0.693,5.655,3.869,-0.175,12.562,2.6484,T
251,BR_25,15,3.306,3.993,14.591,3.37,1,22.639,7.147,8.224,0.353,0.566,5.908,4.117,-0.604,13.125,2.6075,T
252,BR_26,12,3.084,3.934,13.332,2.888,0,22.973,6.572,7.394,0.0,0.706,5.711,3.87,0.066,8.41,2.601,T
253,BR_27,10,3.001,3.884,13.519,2.829,1,22.877,6.372,7.033,0.286,0.906,5.604,4.057,-0.092,10.852,2.5575,T
254,BR_28,9,3.048,4.593,13.758,3.081,1,24.818,6.293,7.101,0.735,0.706,5.639,3.889,-0.076,12.343,2.5289,T
255,BR_29,9,3.081,4.371,13.758,3.081,1,24.818,6.304,7.101,0.735,0.706,5.645,3.893,-0.08,12.259,2.4928,T
257,BR_31,14,3.015,4.747,13.864,2.987,1,28.193,6.732,7.533,0.377,0.827,5.648,3.878,-0.697,12.599,2.5966,T
258,BR_32,20,2.98,4.954,14.036,3.08,1,37.076,6.784,7.538,0.548,0.735,5.604,4.075,0.148,14.354,2.5611,T
259,BR_33,16,3.818,4.64,14.964,3.004,1,34.585,6.7,7.677,0.708,0.859,5.743,4.205,0.41,23.679,2.5694,T
260,BR_34,14,3.74,4.635,14.769,2.997,1,35.902,6.666,7.636,0.691,0.829,5.737,4.199,0.897,23.344,2.5478,T
263,BR_37,27,3.668,4.166,15.285,3.392,1,37.915,7.514,8.585,0.245,0.869,6.035,4.311,-0.761,20.023,2.6503,T
265,BR_39,24,3.362,4.149,14.821,3.37,1,34.568,7.403,8.476,0.326,0.857,6.021,4.277,-1.262,17.814,2.5977,T
266,BR_40,19,3.667,4.17,15.345,3.418,1,33.9,7.205,8.189,0.276,0.929,5.852,4.304,0.061,18.741,2.6693,T
267,BR_41,18,3.359,3.935,14.543,3.223,1,28.133,7.109,8.112,0.31,0.961,5.988,4.236,-0.628,15.184,2.6075,T
268,BR_42,22,3.667,4.738,15.301,3.346,1,35.429,6.964,7.789,0.361,0.923,5.823,4.17,0.251,-999.0,2.6503,T
269,BR_43,25,3.362,3.957,14.83,3.37,1,36.433,7.407,8.473,0.445,0.853,6.02,4.29,-1.087,22.09,2.5988,T
270,BR_44,23,3.361,3.954,14.812,3.37,1,33.154,7.383,8.448,0.27,0.845,6.018,4.086,-1.203,17.324,2.659,T
271,BR_45,25,3.361,3.956,14.825,3.37,1,34.708,7.4,8.463,0.264,0.852,6.019,4.287,-0.967,18.022,2.6561,T
272,BR_46,24,3.19,4.77,14.483,3.243,1,37.226,7.077,7.961,0.525,0.817,5.754,4.13,-0.004,17.187,2.6599,T
274,BR_48,12,3.11,3.86,13.913,2.89,1,25.043,6.696,7.485,0.258,0.819,5.703,3.899,-0.251,12.226,2.5798,T
276,BR_50,12,3.051,3.75,13.969,3.145,1,27.92,6.617,7.366,0.544,0.716,5.732,4.202,-0.308,18.867,2.4983,T
277,BR_51,12,3.092,4.056,13.815,3.09,1,27.847,6.506,7.216,0.337,0.857,5.665,4.111,-0.154,16.211,2.5159,T
278,BR_52,12,3.125,4.032,13.969,3.145,1,27.847,6.572,7.273,0.337,0.716,5.7,4.125,-0.135,15.921,2.5051,T
279,BR_53,12,3.088,4.048,13.797,3.083,1,27.847,6.572,7.298,0.337,0.716,5.68,4.121,0.085,15.209,2.4983,T
280,BR_54,16,2.98,4.738,13.98,2.901,1,27.715,6.458,7.117,0.459,0.871,5.721,4.064,-0.196,-999.0,2.5159,T
281,BR_55,15,3.054,3.899,14.178,3.192,1,35.333,6.817,7.489,0.349,0.737,5.653,4.106,-0.156,19.323,2.5527,T
283,BR_57,12,3.017,3.908,13.998,3.138,1,32.889,6.77,7.455,0.362,0.575,5.63,3.882,-0.598,17.85,2.5478,T
284,BR_58,18,3.087,3.946,14.074,3.151,1,37.853,6.957,7.716,0.267,0.807,5.73,4.114,0.113,18.393,2.5587,T
287,BR_61,15,3.086,3.943,14.018,3.142,1,35.417,6.923,7.684,0.276,0.639,5.724,3.896,-0.695,17.519,2.5832,T
290,BR_64,21,3.046,4.769,14.276,3.146,1,44.857,7.101,7.881,0.468,0.674,5.655,3.9,0.026,19.728,2.618,T
291,BR_65,15,3.315,3.831,14.63,3.315,1,31.086,6.651,7.614,0.834,0.671,5.737,4.2,0.144,20.16,2.5999,T
292,BR_66,2,2.549,3.639,10.671,0.724,0,6.623,1.386,0.0,0.811,0.75,4.91,3.6,0.181,4.119,2.6128,T
293,BT10_122,7,2.848,3.867,13.068,2.303,0,13.907,5.12,4.977,1.366,0.875,5.763,4.069,0.112,4.107,2.5944,T
294,BT10_246,3,3.909,4.5,15.086,2.247,0,9.177,4.025,3.85,0.567,0.966,5.139,3.853,0.322,7.067,2.6232,T
295,BT10_250,0,1.414,1.414,0.0,-1.414,0,3.117,0.0,0.0,0.0,0.0,3.417,2.781,0.243,1.121,2.567,T
296,BWN_2,2,2.514,3.752,10.671,1.206,0,5.831,4.234,3.497,0.503,1.0,5.23,3.788,0.0,1.643,2.3579,T
297,BWN_16,2,2.783,3.422,11.229,1.414,0,5.334,4.174,3.367,0.0,1.0,5.275,3.806,0.107,1.95,2.5599,T
298,BWN_18,2,2.607,3.534,10.558,1.0,0,5.334,4.174,2.565,0.0,1.0,5.174,3.76,0.152,1.89,2.6117,T
299,BWN_20,1,2.0,2.0,7.624,-1.0,0,3.208,0.0,0.0,0.0,0.0,4.342,3.172,0.147,1.086,2.5729,T
300,BWN_28,2,2.732,3.314,11.023,1.0,0,5.334,4.043,3.219,0.0,0.93,5.105,3.721,0.215,2.027,2.2989,T
304,BWN_60,1,2.343,3.129,9.304,0.471,0,6.325,1.792,0.0,0.0,0.875,4.55,3.411,0.402,2.231,2.4031,T
305,BWN_89,1,2.532,3.671,10.729,1.455,0,7.137,2.197,1.946,0.684,1.0,4.231,3.467,0.398,4.467,2.2833,T
306,BWN_90,1,2.334,3.128,9.281,0.274,0,5.545,1.099,0.0,0.0,0.714,4.545,3.403,0.347,1.926,2.2742,T
307,BWN_92,1,2.303,3.114,9.153,0.0,0,4.766,0.0,0.0,0.0,0.333,4.533,3.382,0.257,1.612,2.2923,T
308,BWN_93,2,2.161,3.225,9.789,0.676,0,7.429,1.792,0.0,0.918,0.889,4.223,3.3,0.158,6.07,2.2945,T
309,BWN_95,1,2.531,3.67,10.722,0.0,0,3.325,1.099,0.0,0.918,0.667,4.053,3.455,0.079,2.44,2.3139,T
310,BWN_96,0,1.618,1.618,0.0,-0.618,0,3.896,0.0,0.0,0.0,0.4,4.105,3.054,0.183,1.424,2.3243,T
311,BWN_97,0,1.827,2.817,0.0,0.765,0,6.286,1.609,1.099,0.811,1.0,4.034,3.177,0.273,3.601,2.3284,T
312,BWN_98,2,2.629,2.953,10.624,0.14,0,5.636,0.0,0.0,0.0,0.327,4.711,3.469,0.316,1.947,2.3284,T
313,BWN_100,2,2.7,3.628,10.678,1.513,0,10.364,2.398,2.197,0.619,1.0,4.91,3.591,0.46,5.612,2.3444,T
314,BWN_103,2,2.7,3.628,10.678,1.414,0,9.584,2.303,2.079,0.65,1.0,4.91,3.591,0.439,4.695,2.3579,T
317,BWN_106,2,2.274,3.788,9.789,0.676,0,7.403,2.197,0.0,0.764,0.819,4.675,3.514,0.205,4.687,2.382,T
318,BWN_107,3,3.026,3.647,12.175,1.618,0,6.341,5.13,5.533,0.0,1.0,5.541,3.938,-0.116,2.373,2.3962,T
321,BWN_111,3,2.728,3.65,11.715,1.414,0,7.419,4.369,4.234,0.845,0.947,5.333,3.868,-0.019,2.872,2.4983,T
322,BWN_112,2,2.612,4.1,10.857,0.335,1,6.558,1.386,0.0,1.299,0.75,5.124,3.729,0.015,3.483,2.6767,T
323,BWN_113,2,2.811,3.591,11.409,1.466,0,6.125,4.317,3.714,0.469,1.0,5.276,3.825,0.044,3.506,2.6365,T
325,BWN_115,1,2.406,3.784,9.397,0.826,0,6.532,1.386,0.0,0.811,0.875,4.566,3.479,0.264,3.848,2.4346,T
326,BWN_116,2,2.63,3.638,10.777,1.834,0,10.909,4.477,4.357,0.337,1.0,5.221,3.803,0.366,5.36,2.444,T
327,BWN_117,3,2.57,3.681,11.033,1.267,0,9.831,2.485,1.946,0.65,0.907,4.921,3.615,0.365,6.161,2.444,T
328,BWN_119,2,2.695,3.55,11.439,1.702,0,11.684,4.489,4.263,0.323,1.0,5.281,3.84,0.485,6.396,2.4533,T
329,BWN_120,1,3.282,3.633,13.072,0.169,0,6.545,0.0,0.0,0.0,0.302,4.96,3.586,0.272,2.253,2.4564,T
330,BWN_121,2,2.63,3.638,10.777,1.605,0,8.589,4.443,4.29,0.391,1.0,5.221,3.803,0.172,4.071,2.4669,T
332,BWN_124,1,2.332,3.706,8.737,1.71,1,11.766,2.485,2.303,0.906,0.919,4.454,3.373,0.576,8.955,2.4857,T
333,BWN_125,1,2.521,3.473,10.061,1.284,0,6.01,2.833,2.197,0.0,0.88,4.352,3.352,0.568,2.935,2.4914,T
334,BWN_126,1,2.332,3.706,8.737,1.658,1,10.987,2.398,2.197,0.946,0.962,4.454,3.373,0.596,8.656,2.4955,T
336,BWN_128,2,2.563,3.598,10.777,1.605,0,8.589,4.443,4.29,0.391,1.0,5.224,3.809,0.231,4.731,2.4997,T
337,BWN_129,1,2.332,3.706,8.737,1.503,1,9.429,2.197,1.946,1.041,1.0,4.454,3.372,0.455,7.345,2.5051,T
339,BWN_132,2,2.928,4.524,13.244,0.65,0,8.351,0.0,0.0,0.918,0.319,5.164,3.827,0.042,2.78,2.5105,T
340,BWN_133,1,2.332,3.706,8.737,1.226,1,7.87,1.946,1.609,1.157,1.0,4.453,3.371,0.373,6.546,2.6284,T
341,BWN_134,3,2.563,3.599,10.9,2.132,0,9.452,4.454,4.344,0.371,0.962,5.225,3.81,0.235,5.184,2.5185,T
342,BWN_135,1,2.571,3.684,9.538,1.247,1,4.533,2.485,1.609,1.061,1.0,4.488,3.461,0.293,3.696,2.5185,T
343,BWN_136,2,2.563,3.598,10.777,1.427,0,7.817,4.431,4.234,0.414,1.0,5.224,3.809,0.166,4.412,2.525,T
344,BWN_137,3,2.554,3.654,10.826,1.211,0,8.299,2.303,0.0,0.881,0.9,4.92,3.611,0.2,6.44,2.5353,T
345,BWN_140,2,2.629,3.636,10.771,1.129,0,7.047,4.394,4.143,0.439,1.0,5.221,3.801,0.055,3.21,2.5428,T
348,BWN_144,3,2.782,3.561,11.362,1.287,0,6.957,4.419,4.29,0.0,0.947,5.262,3.815,0.214,2.611,2.5551,T
349,BWN_146,3,3.327,3.898,13.329,1.591,0,8.718,4.673,4.443,0.0,0.901,5.462,3.912,0.244,3.22,2.5563,T
350,BWN_147,3,2.82,3.66,11.597,1.477,0,7.137,4.466,4.043,0.439,1.0,5.376,3.877,0.09,3.661,2.5563,T
351,BWN_149,2,2.642,3.633,10.671,1.206,0,5.334,4.234,3.497,0.0,1.0,5.228,3.784,0.053,1.922,2.5599,T
353,BWN_155,2,2.828,3.575,11.409,1.466,0,6.099,4.317,3.714,0.0,1.0,5.276,3.823,0.132,2.316,2.5729,T
354,BWN_156,3,2.763,3.799,11.185,1.879,0,6.189,4.394,3.714,0.0,1.0,5.345,3.845,0.098,2.123,2.5752,T
355,BWN_157,1,2.413,3.407,9.976,1.0,1,4.508,4.043,3.219,0.544,1.0,5.098,3.772,0.138,2.089,2.5763,T
356,BWN_158,2,2.629,3.589,11.229,1.414,0,5.487,4.174,3.367,0.503,1.0,5.282,3.828,0.006,2.179,2.5763,T
357,BWN_159,6,3.056,3.763,13.016,2.303,0,9.542,5.011,4.577,0.961,0.834,5.779,4.106,0.02,3.492,2.5775,T
358,BWN_160,3,2.825,3.637,11.456,1.414,0,6.189,4.419,3.611,0.0,1.0,5.365,3.852,0.086,2.11,2.5775,T
359,BWN_162,3,2.793,3.708,11.523,1.531,0,6.342,4.419,3.611,0.469,1.0,5.38,3.883,0.052,2.404,2.5843,T
360,BWN_163,3,2.845,3.576,11.517,1.475,0,6.189,4.369,3.367,0.0,1.0,5.373,3.862,0.126,2.151,2.5843,T
361,BWN_164,3,2.772,3.811,11.49,1.458,0,7.933,4.533,4.71,0.65,1.0,5.338,3.859,0.008,4.647,2.5855,T
362,BWN_165,3,2.733,3.698,11.456,1.414,0,6.688,4.419,3.611,0.469,1.0,5.367,3.851,0.032,1.856,2.5866,T
364,BWN_170,1,2.17,4.046,8.507,-1.0,1,3.922,0.0,0.0,0.722,0.0,4.842,3.54,0.099,1.032,2.5944,T
365,BWN_171,3,2.77,3.425,11.271,1.235,0,6.189,4.344,3.611,0.0,1.0,5.3,3.823,0.101,2.146,2.5944,T
366,BWN_172,3,2.613,3.796,11.456,1.414,0,6.842,4.419,3.611,0.922,1.0,5.372,3.869,0.009,2.068,2.5955,T
368,BWN_174,3,2.562,3.802,11.456,1.414,0,7.188,4.419,3.611,0.722,1.0,5.368,3.86,-0.004,1.589,2.5999,T
375,BWN_182,2,2.504,3.624,10.558,1.0,0,6.023,4.263,3.219,0.503,1.0,5.219,3.786,-0.026,1.571,2.6191,T
376,BWN_183,3,2.804,3.709,11.517,1.475,0,6.688,4.369,3.367,0.469,1.0,5.375,3.857,0.08,1.861,2.6201,T
378,BWN_185,2,2.423,3.79,10.133,1.666,0,14.623,2.996,2.89,0.764,0.76,4.578,3.503,0.623,11.306,2.6212,T
379,BWN_186,2,2.423,3.79,10.133,1.917,0,23.974,3.466,3.526,0.567,0.796,4.58,3.505,1.429,15.579,2.3118,T
380,BWN_187,2,2.537,3.793,10.133,1.809,0,10.367,3.091,3.258,0.837,0.761,4.569,3.498,0.446,9.463,2.3365,T
381,BWN_188,2,2.546,3.798,10.135,1.618,0,8.049,2.944,3.296,0.918,0.721,4.63,3.516,0.328,7.668,2.3579,T
382,BWN_189,2,2.537,3.793,10.133,1.848,0,11.141,3.135,3.296,0.811,0.75,4.587,3.496,0.508,9.855,2.3674,T
383,BWN_190,3,3.509,4.87,15.826,3.15,1,24.83,5.024,5.451,1.528,0.881,5.59,4.1,0.194,15.177,2.3856,T
385,BWN_192,2,2.756,3.808,11.297,1.923,1,13.998,3.434,3.258,0.922,0.907,4.708,3.609,0.717,9.912,2.415,T
386,BWN_195,2,2.731,3.808,11.28,1.947,1,17.104,3.555,3.611,0.817,0.891,4.713,3.601,1.072,11.356,2.4955,T
387,BWN_196,3,2.848,3.605,11.523,1.531,0,6.189,4.317,3.045,0.0,1.0,5.334,3.833,0.171,2.09,2.5038,T
388,BWN_198,3,2.807,3.473,11.364,1.414,0,5.423,4.205,1.609,0.0,1.0,5.334,3.826,0.165,1.73,2.4742,T
389,BWN_199,2,2.734,3.809,11.297,1.875,1,10.896,3.296,3.258,1.061,0.906,4.717,3.611,0.516,8.347,2.5159,T
391,BWN_203,3,2.848,4.131,11.523,1.531,1,6.125,4.511,3.97,0.469,1.0,5.439,3.905,0.014,1.944,2.5478,T
393,BWN_205,4,2.935,3.539,11.898,1.618,0,6.278,4.394,2.565,0.0,0.699,5.449,3.878,0.211,1.896,2.5599,T
395,BWN_207,13,3.246,4.053,13.97,2.762,1,25.804,6.234,6.662,0.9,0.923,5.611,4.097,0.073,19.744,2.5911,T
396,BWN_208,4,2.931,4.504,13.511,2.401,0,13.838,5.193,5.313,1.054,0.977,5.382,3.894,0.039,8.047,2.6031,T
397,BWN_209,4,2.478,4.783,11.481,2.235,0,10.918,5.118,5.313,0.978,1.0,5.314,3.857,-0.094,6.8,2.6335,T
398,BWN_210,5,2.976,3.614,12.212,2.332,0,11.207,5.187,5.451,0.65,1.0,5.388,3.891,0.117,7.71,2.5888,T
399,BWN_211,4,3.556,4.384,13.991,2.408,0,12.849,5.293,5.673,0.61,1.0,5.497,3.949,-0.015,8.743,2.6053,T
400,BWN_212,4,3.56,4.387,14.003,2.41,0,13.61,5.323,5.714,0.592,1.0,5.497,3.951,0.105,9.187,2.6096,T
401,BWN_213,4,2.714,3.769,11.481,2.235,0,10.365,5.118,5.313,0.672,1.0,5.314,3.862,0.112,7.168,2.6128,T
403,BWN_215,6,3.036,3.848,12.353,2.429,0,12.931,5.549,5.889,0.575,1.0,5.478,3.759,-0.059,8.602,2.5977,T
404,BWN_216,4,3.607,4.639,14.144,2.417,0,15.135,5.398,5.838,0.559,0.942,5.496,3.964,0.219,10.266,2.6222,T
405,BWN_217,6,3.105,3.641,12.614,2.388,0,12.811,5.273,5.666,0.61,0.977,5.411,3.909,0.131,8.751,2.6243,T
406,BWN_218,4,3.616,4.644,14.171,2.421,0,12.228,5.407,5.883,0.592,0.957,5.495,3.97,0.235,8.855,2.6253,T
407,BWN_219,4,3.611,4.641,14.153,2.419,0,12.968,5.434,5.916,0.575,0.959,5.503,3.965,0.159,9.39,2.6435,T
408,BWN_220,4,3.967,4.873,15.546,2.595,0,18.02,5.476,6.066,1.273,0.849,5.688,4.09,-0.024,12.803,2.6474,T
409,BWN_221,5,3.666,4.38,14.321,2.454,0,14.544,5.707,6.267,0.544,1.0,5.621,4.016,-0.076,9.644,2.6522,T
410,BWN_222,8,3.152,3.778,13.304,2.303,0,12.511,5.254,5.247,1.0,0.844,5.839,4.142,0.018,4.176,2.6522,T
411,BWN_224,8,3.533,4.196,14.107,2.857,0,15.492,5.533,5.905,0.559,0.981,5.677,4.032,0.182,10.397,2.6693,T
412,BWN_225,3,2.751,3.518,11.364,1.414,0,5.448,4.205,2.197,0.503,1.0,5.325,3.824,0.101,3.718,2.6749,T
413,BWN_226,15,3.288,4.783,14.168,2.776,1,25.109,6.472,7.089,0.996,0.957,5.661,4.153,-0.23,17.354,2.683,T
415,BWN_229,6,3.746,4.685,14.558,2.529,0,12.647,5.572,6.151,0.559,1.0,5.546,3.848,0.262,9.486,2.699,T
416,BWN_230,16,3.288,4.131,14.238,2.984,1,25.412,6.509,7.138,0.887,0.958,5.69,4.154,-0.249,18.496,2.7033,T
418,BWN_232,15,3.288,4.131,14.197,2.891,1,23.852,6.497,7.151,0.857,0.956,5.687,4.154,-0.324,17.156,2.716,T
419,BWN_233,12,3.158,3.801,13.552,2.757,1,21.034,6.565,7.358,0.462,0.99,5.731,3.901,-0.125,10.824,2.716,T
420,BWN_234,16,3.339,3.746,14.099,2.793,1,27.715,7.076,8.04,0.377,0.977,6.098,4.081,-0.107,14.942,2.7332,T
421,BWN_235,12,3.174,3.864,13.622,2.747,1,21.034,6.51,7.397,0.462,0.99,5.757,3.914,0.303,11.282,2.7372,T
424,BWN_238,12,3.036,3.963,13.237,2.827,1,25.106,6.001,6.472,0.807,1.0,5.472,3.789,0.147,19.026,2.7657,T
425,BWN_239,12,3.299,4.108,13.94,2.895,1,16.941,6.146,6.845,0.985,1.0,5.733,3.951,-0.167,11.502,2.7731,T
426,BWN_240,11,3.276,4.104,13.84,2.684,1,16.278,6.075,6.673,1.006,1.0,5.65,3.933,-0.242,11.922,2.7825,T
427,BWN_241,16,3.355,3.883,14.204,2.867,1,27.715,7.062,8.116,0.377,0.959,6.118,4.092,0.267,15.037,2.7889,T
428,BWN_242,15,3.038,3.963,13.665,2.988,1,30.765,6.091,6.608,0.764,0.929,5.482,3.796,0.372,23.631,2.791,T
431,BWN_246,3,2.876,3.892,11.578,1.634,0,9.529,4.635,4.654,0.863,1.0,5.353,3.716,-0.011,7.186,2.828,T
432,BWN_247,1,2.499,3.464,9.976,1.0,0,4.483,3.932,2.565,0.0,1.0,5.034,3.52,0.122,1.685,2.5105,T
434,BWN_250,2,2.417,3.425,9.757,1.085,0,8.026,1.946,1.609,0.722,1.0,4.351,3.2,0.375,4.634,2.3802,T
436,BWN_252,5,3.187,3.824,12.811,1.947,0,11.232,5.398,5.989,0.764,1.0,5.658,3.868,-0.037,8.182,2.5366,T
440,BWN_256,3,2.884,3.854,11.578,1.863,1,12.382,4.673,4.727,0.986,1.0,5.35,3.718,0.086,9.409,2.6053,T
441,BWN_257,5,2.886,3.926,11.98,2.295,0,11.232,5.182,5.283,0.764,1.0,5.407,3.751,-0.041,8.199,2.6138,T
442,BWN_258,5,2.903,3.868,11.98,2.295,1,10.993,5.182,5.283,0.986,1.0,5.402,3.757,-0.152,7.702,2.7364,T
443,BWN_259,3,2.792,3.757,11.271,1.235,0,6.266,4.344,3.611,0.881,1.0,5.31,3.838,0.051,4.622,2.6232,T
444,BWN_260,4,3.51,4.132,13.85,2.296,0,13.61,5.193,5.509,0.592,0.978,5.468,3.743,0.151,9.842,2.5717,T
445,BWN_262,15,3.511,4.138,14.549,3.177,1,26.238,6.485,7.086,0.819,0.935,5.69,4.131,-0.316,18.371,2.6928,T
446,CAO_006,1,2.284,3.7,8.507,-1.0,0,4.039,0.0,0.0,0.971,0.0,4.418,3.274,0.14,2.047,2.5786,T
447,CAO_007,2,2.628,3.554,10.342,-1.0,0,4.909,0.0,0.0,0.918,0.0,4.893,3.544,0.116,2.352,2.4487,T
450,CAO_025,2,3.34,3.772,13.244,0.65,0,7.468,0.0,0.0,0.764,0.389,5.164,3.698,0.207,3.801,2.4983,T
451,CAO_026,2,2.699,3.628,10.677,1.0,0,7.247,1.946,0.0,0.764,0.889,4.909,3.589,0.258,3.741,2.3404,T
452,CAO_032,2,2.579,3.626,10.624,0.14,0,5.688,0.0,0.0,0.863,0.429,4.947,3.605,0.184,2.666,2.5775,T
453,CAO_033,2,2.594,3.628,10.671,0.724,0,6.468,1.946,0.0,0.811,0.75,4.952,3.621,0.256,3.064,2.5105,T
454,CAO_034,3,2.653,3.657,10.922,1.0,0,7.338,2.565,0.0,0.764,0.708,5.006,3.647,0.331,3.468,2.5145,T
456,CAO_036,2,2.597,3.629,10.677,1.0,0,7.753,2.398,0.0,1.224,0.889,4.954,3.626,0.214,3.006,2.5623,T
457,CAO_037,2,3.148,3.828,12.683,1.061,0,8.247,2.303,0.0,0.722,0.657,5.007,3.633,0.209,4.218,2.5798,T
460,CAO_052,2,2.598,3.628,10.678,1.594,0,11.143,2.833,2.708,0.592,1.0,4.955,3.628,0.537,5.708,2.4031,T
462,CAO_055,2,2.7,3.628,10.678,1.299,0,8.805,2.197,1.946,0.684,1.0,4.91,3.59,0.414,4.248,2.3345,T
463,CAO_058,2,2.697,3.628,10.671,0.724,0,6.468,1.386,0.0,0.811,0.75,4.908,3.586,0.25,3.25,2.3598,T
465,CAO_068,3,2.672,3.673,11.017,1.056,0,8.117,2.833,0.0,0.722,0.9,5.008,3.655,0.37,3.926,2.5185,T
466,CAO_073,2,2.598,3.628,10.678,1.414,0,9.584,2.708,2.565,0.65,1.0,4.954,3.628,0.435,4.622,2.4281,T
467,CAO_076,2,2.598,3.628,10.678,1.167,0,8.026,2.565,1.946,0.722,1.0,4.954,3.627,0.348,3.786,2.4669,T
471,DU1_002,3,2.85,3.583,11.379,0.529,0,6.558,0.0,0.0,0.811,0.417,5.006,3.625,0.222,3.285,2.4314,T
472,DU1_010,3,2.612,3.631,10.826,1.211,0,8.117,2.708,0.0,0.722,0.84,4.969,3.634,0.331,3.859,2.5944,T
473,FL_10,3,2.552,3.641,10.813,1.38,0,9.052,2.197,1.946,0.684,0.947,4.914,3.607,0.296,5.637,2.4686,T
474,FL_12,3,2.573,3.682,11.062,1.465,0,11.39,2.773,2.398,0.592,1.0,4.921,3.617,0.472,6.932,2.4268,T
475,FL_13,3,2.577,3.683,11.088,1.635,0,12.948,2.944,2.833,0.544,1.0,4.921,3.618,0.67,7.7,2.4119,T
477,FL_16,2,2.55,3.64,10.678,1.884,0,18.312,3.045,2.944,0.426,0.769,4.911,3.606,1.137,9.574,2.3466,T
478,FL_17,2,2.55,3.64,10.678,1.921,0,21.429,3.219,3.135,0.381,0.665,4.911,3.606,1.295,12.463,2.3388,T
479,FL_18,2,2.55,3.641,10.813,1.38,0,9.143,2.197,1.946,1.096,0.947,4.914,3.609,0.3,7.164,2.4364,T
480,FL_19,2,2.93,3.641,12.595,1.588,0,10.766,2.398,2.565,0.991,0.901,4.914,3.611,0.318,7.766,2.47,T
482,FL_21,2,2.549,3.641,10.812,1.732,0,11.662,2.485,2.303,1.095,0.962,4.912,3.607,0.259,9.003,2.3639,T
483,FL_22,2,2.551,3.641,11.049,2.093,0,12.442,2.708,2.565,1.103,0.966,4.914,3.613,0.362,10.237,2.3388,T
484,FL_23,1,2.368,3.771,9.153,0.0,0,4.974,0.0,0.0,0.918,0.333,4.466,3.403,0.129,3.149,2.452,T
486,FL_31,1,3.073,3.863,12.564,0.38,0,7.532,1.946,0.0,0.764,0.611,4.838,3.586,0.166,4.647,2.5013,T
487,FL_32,2,2.256,3.78,9.757,1.085,0,8.182,2.079,1.609,0.722,0.94,4.663,3.509,0.219,5.114,2.3732,T
488,FL_33,2,2.48,3.843,10.607,1.414,0,7.073,3.045,2.565,0.684,0.895,4.739,3.56,0.388,5.39,2.4817,T
489,FL_34,2,2.473,3.801,10.351,1.442,0,10.519,2.708,2.197,0.619,1.0,4.682,3.528,0.434,6.488,2.3205,T
493,FL_39,1,2.176,3.779,9.306,1.916,0,20.558,3.178,3.091,0.391,0.648,4.656,3.507,1.172,11.014,2.3184,T
494,KE_01,2,2.55,3.64,10.678,1.87,0,17.532,2.996,2.89,0.439,0.8,4.911,3.606,0.939,9.312,2.4594,T
495,KE_02,2,2.551,3.641,11.021,1.433,0,10.701,2.398,2.565,0.991,0.917,4.914,3.613,0.463,8.246,2.4609,T
496,KE_07,3,2.834,3.853,12.164,1.732,1,9.052,2.197,0.0,0.866,0.555,4.95,3.707,0.289,5.026,2.5944,T
497,KE_08,1,2.252,4.579,12.479,1.614,0,11.299,2.398,2.197,1.457,0.901,4.677,3.544,0.095,7.117,2.3711,T
499,KE_11,2,3.007,3.612,12.683,1.061,1,8.247,2.303,0.0,0.922,0.657,5.001,3.671,0.197,4.938,2.6365,T
501,WL07_03,2,2.468,3.698,10.209,0.485,1,7.247,2.079,0.0,0.986,0.889,4.708,3.553,0.224,4.54,2.5911,T
502,WL07_04,1,3.1,3.733,12.564,0.38,1,7.377,1.946,0.0,0.986,0.611,4.832,3.602,0.174,4.499,2.6031,T
503,WL07_05,1,2.606,3.804,11.164,1.532,1,10.429,2.833,1.946,0.773,0.834,4.815,3.65,0.394,5.907,2.5224,T
504,WL07_07,1,2.31,3.677,9.306,1.762,1,13.39,2.639,2.485,0.64,0.932,4.487,3.459,0.792,7.073,2.4472,T
506,WL07_09,2,2.321,3.677,9.754,1.368,1,8.805,2.197,2.197,0.866,0.947,4.652,3.521,0.309,5.226,2.5366,T
507,WL07_10,2,2.31,3.677,9.754,1.751,1,11.143,2.485,2.303,0.735,0.962,4.65,3.52,0.522,6.311,2.5119,T
508,WL07_11,2,2.311,3.677,9.754,1.67,1,10.364,2.398,2.197,0.773,0.958,4.65,3.52,0.388,5.706,2.5302,T
510,WL07_13,2,2.48,3.699,10.258,1.024,1,8.026,2.197,1.099,0.922,1.0,4.71,3.557,0.298,4.93,2.5798,T
512,WL07_16,1,2.31,3.677,9.306,1.887,1,18.065,3.045,2.944,0.513,0.726,4.65,3.52,1.039,9.312,2.2095,T
514,WL07_18,5,2.823,3.761,11.84,2.231,1,10.328,4.644,4.844,1.053,1.0,5.348,3.88,0.051,6.362,2.6749,T
516,WL07_20,5,2.783,3.806,11.921,2.253,1,11.258,4.682,4.949,1.014,1.0,5.348,3.886,0.004,7.656,2.6561,T
517,WL09_001,2,2.504,3.802,10.467,1.493,0,7.843,4.19,3.85,0.65,1.0,5.07,3.719,0.076,4.897,2.4456,T
518,WL09_002,4,2.855,3.851,11.84,2.093,0,10.34,5.187,5.638,0.523,1.0,5.422,3.917,-0.017,5.581,2.5832,T
519,WL09_004,2,2.371,3.811,10.209,0.485,0,7.403,2.079,0.0,0.764,0.889,4.714,3.539,0.242,4.728,2.3979,T
520,WL09_005,3,3.362,3.889,13.427,2.105,0,10.47,4.673,4.615,0.567,0.919,5.418,3.902,0.105,6.393,2.5378,T
523,WL09_008,3,2.445,3.852,10.958,1.894,0,8.434,4.419,4.205,1.041,1.0,5.231,3.815,-0.035,4.19,2.5198,T
526,WL09_012,2,2.473,4.151,10.351,1.442,1,10.455,2.944,2.565,0.991,1.0,4.77,3.585,0.293,5.835,2.5539,T
527,WL09_013,3,2.589,4.149,11.081,1.942,1,8.64,4.615,4.796,0.991,1.0,5.323,3.867,-0.091,4.564,2.5599,T
528,WL09_014,1,3.052,4.382,12.808,0.503,1,8.247,2.773,0.0,1.157,0.84,5.03,3.7,0.147,4.758,2.5302,T
530,WL09_016,1,2.176,3.779,9.306,1.762,0,13.545,2.708,2.565,0.523,0.932,4.656,3.506,0.69,7.466,2.4314,T
532,WL09_018,4,2.778,3.909,11.74,2.037,0,11.322,4.7,4.949,0.811,1.0,5.352,3.88,0.04,7.965,2.4728,T
534,WL09_021,1,2.153,3.785,9.281,0.274,0,5.909,1.099,0.0,1.379,0.714,4.654,3.503,0.028,3.648,2.4594,T
535,WL09_022,1,3.328,4.9,15.123,2.303,0,14.519,2.89,2.773,1.419,0.863,5.238,3.889,0.161,8.589,2.3856,T
536,WL09_023,1,3.074,4.8,14.625,2.347,0,15.481,3.219,2.565,1.496,0.874,5.098,3.833,0.091,9.322,2.3385,T
537,WL09_024,1,3.362,4.849,15.16,2.303,0,13.74,3.219,0.0,1.429,0.635,5.284,3.92,0.078,7.704,2.4518,T
538,WL09_026,1,2.176,3.779,9.306,1.859,0,16.662,2.944,2.833,0.454,0.787,4.656,3.506,0.97,8.948,2.4886,T
539,WL09_029,1,2.383,4.208,9.306,1.525,1,10.935,2.565,2.398,1.352,1.0,4.657,3.507,0.185,5.3,2.3324,T
541,WL09_031,4,2.776,3.907,11.723,2.027,0,10.548,4.673,4.89,0.837,1.0,5.352,3.878,0.016,7.253,2.4928,T
542,WL09_032,4,2.755,3.863,11.667,2.046,0,10.548,4.654,4.905,0.837,1.0,5.338,3.874,-0.006,7.247,2.5315,T
543,WL09_033,3,2.503,3.849,11.081,1.942,0,8.885,4.489,4.443,0.779,1.0,5.233,3.828,-0.017,5.869,2.5105,T
544,WL09_034,1,2.173,3.779,9.306,1.058,0,8.273,2.079,1.792,0.881,1.0,4.656,3.506,0.173,5.233,2.2967,T
545,WL09_035,2,2.357,3.791,10.028,0.797,0,8.182,2.303,1.099,0.722,1.0,4.678,3.519,0.314,5.18,2.382,T
546,WL09_037,2,2.379,3.791,10.085,1.118,0,8.961,2.398,1.792,0.684,1.0,4.679,3.521,0.367,5.549,2.3711,T
547,WL09_038,5,3.134,3.688,12.676,1.844,0,8.778,5.293,5.796,0.567,1.0,5.629,4.012,-0.125,4.298,2.5539,T
548,WL09_039,1,3.117,4.837,15.127,2.374,0,18.351,3.526,2.773,1.458,0.876,5.193,3.887,0.105,11.082,2.3502,T
549,WL09_040,1,3.503,4.954,15.563,2.376,0,17.39,3.296,2.944,1.378,0.867,5.375,3.961,0.262,10.444,2.3729,T
550,WL09_041,2,3.465,4.901,15.269,2.316,0,16.325,3.178,2.89,1.392,0.893,5.287,3.915,0.174,10.225,2.3766,T
551,WL09_042,1,2.988,4.804,14.349,2.044,0,11.649,2.708,1.946,1.46,0.86,5.019,3.773,0.159,6.902,2.3927,T
552,WL09_043,1,2.153,3.706,8.737,1.226,0,7.935,2.485,2.197,0.722,1.0,4.691,3.501,0.401,3.842,2.4265,T
553,WL09_044,2,2.517,3.781,10.448,1.547,0,8.615,4.143,3.807,0.619,1.0,5.048,3.705,0.123,5.347,2.4314,T
556,WL09_047,2,2.785,4.477,13.253,1.572,0,12.325,2.485,2.639,1.493,0.925,4.771,3.649,0.049,7.868,2.3997,T
557,WL09_048,1,2.167,4.094,9.306,0.778,0,7.883,1.946,1.099,1.224,1.0,4.655,3.504,0.081,4.21,2.3284,T
559,WL09_050,1,2.168,4.199,9.306,1.058,0,8.662,2.079,1.792,1.157,1.0,4.656,3.505,0.12,4.58,2.3054,T
560,WL09_051,3,2.585,3.862,11.037,1.809,0,7.933,4.369,4.043,0.65,1.0,5.242,3.811,0.038,4.623,2.4742,T
562,WL09_055,1,3.502,4.941,15.863,3.267,0,24.091,3.829,3.526,1.39,0.879,5.411,3.992,0.195,14.599,2.3118,T
563,WL09_056,1,3.602,4.987,15.868,2.766,0,20.26,3.584,3.091,1.342,0.87,5.463,4.008,0.259,12.278,2.3692,T
564,WL09_057,1,2.382,4.211,9.306,1.414,1,10.156,2.485,2.303,1.418,1.0,4.657,3.507,0.075,4.765,2.3483,T
565,WL09_058,4,2.758,3.864,11.687,2.058,0,12.873,4.718,4.997,0.764,1.0,5.339,3.877,0.223,8.979,2.4564,T
567,WL09_060,1,2.383,3.878,9.306,1.264,1,8.805,2.398,2.197,1.096,1.0,4.66,3.51,0.204,4.784,2.3674,T
569,WL09_062,3,2.651,3.872,11.623,2.0,1,9.658,4.554,4.615,0.946,0.962,5.283,3.855,-0.041,6.118,2.5051,T
571,WL09_065,2,2.447,3.801,10.289,0.821,0,8.961,2.398,1.609,0.684,0.895,4.681,3.525,0.336,5.703,2.3483,T
573,WL09_068,2,3.124,4.769,14.057,2.297,0,13.455,2.833,2.639,1.429,0.885,5.016,3.771,0.203,8.265,2.3997,T
574,WL09_070,4,2.904,3.871,12.115,1.941,0,10.548,4.727,4.745,0.837,1.0,5.41,3.915,0.052,7.655,2.5038,T
575,WL09_073,1,2.176,3.779,9.306,1.608,0,11.208,2.485,2.303,0.592,1.0,4.656,3.506,0.617,6.845,2.3324,T
576,WL09_074,1,2.175,3.779,9.306,1.058,0,8.091,2.079,1.792,0.722,1.0,4.656,3.505,0.259,4.895,2.3345,T
580,WL09_078,1,2.173,4.089,9.306,1.058,0,8.662,2.079,1.792,1.157,1.0,4.656,3.505,0.132,4.702,2.3181,T
581,WL09_079,3,2.557,3.847,10.958,1.894,0,7.933,4.419,4.205,0.65,1.0,5.232,3.812,0.035,4.591,2.4997,T
582,WL09_080,1,2.383,4.259,9.306,1.672,0,12.494,2.708,2.565,1.237,1.0,4.656,3.507,0.275,6.311,2.3304,T
583,WL09_081,2,2.474,4.151,10.352,1.616,1,11.234,2.996,2.833,0.946,1.0,4.77,3.586,0.375,6.197,2.5899,T
586,WL09_084,3,2.775,3.816,11.514,1.732,0,10.251,4.605,4.82,0.567,1.0,5.339,3.863,0.184,6.322,2.5428,T
587,WL09_087,3,2.885,3.848,11.511,1.565,0,8.524,4.564,4.762,0.391,1.0,5.333,3.856,0.214,3.699,2.5403,T
589,WL09_089,3,2.774,3.816,11.511,1.565,0,8.705,4.564,4.762,0.619,1.0,5.338,3.862,0.062,5.275,2.5647,T
590,WL09_090,2,2.814,3.603,11.439,1.491,0,7.817,4.431,4.078,0.414,1.0,5.277,3.83,0.14,3.768,2.5403,T
591,WL09_091,2,2.63,3.637,10.777,1.427,0,7.817,4.431,4.234,0.414,1.0,5.221,3.802,0.116,3.663,2.5551,T
592,WL09_092,3,2.886,3.848,11.514,1.732,0,10.07,4.605,4.82,0.353,1.0,5.334,3.857,0.33,4.473,2.5302,T
593,WL09_093,3,2.947,3.799,12.005,1.782,0,11.8,4.7,4.564,0.523,1.0,5.413,3.901,0.302,7.544,2.5024,T
594,WL09_094,3,2.775,3.816,11.514,1.836,0,11.8,4.625,4.852,0.523,1.0,5.339,3.863,0.314,6.951,2.5302,T
595,WL09_095,3,2.63,3.641,10.985,2.17,0,10.251,4.466,4.382,0.567,1.0,5.222,3.804,0.239,6.371,2.5038,T
596,WL09_097,4,2.776,3.821,11.58,2.17,0,10.341,4.625,4.828,0.567,0.966,5.34,3.863,0.156,6.378,2.5599,T
597,WL09_098,4,2.947,3.8,12.043,2.057,0,11.116,4.691,4.554,0.544,0.969,5.414,3.902,0.27,7.055,2.5328,T
598,WL09_099,3,2.814,3.603,11.504,1.713,0,10.225,4.466,4.263,0.353,0.966,5.278,3.831,0.234,4.957,2.5453,T
599,WL09_100,4,2.782,3.827,11.628,2.065,0,9.568,4.595,4.812,0.592,0.962,5.345,3.865,0.113,5.818,2.5658,T
600,WL09_101,3,2.815,3.606,11.512,1.591,0,8.679,4.466,4.234,0.391,0.958,5.281,3.832,0.209,4.237,2.5575,T
601,WL09_103,3,2.886,3.848,11.514,1.836,0,11.619,4.625,4.852,0.323,1.0,5.334,3.857,0.49,5.032,2.5092,T
602,WL09_104,4,2.902,3.933,11.784,2.292,0,10.164,5.1,5.293,0.323,1.0,5.37,3.885,0.06,4.446,2.5453,T
603,WL09_105,3,2.774,3.816,11.513,1.656,0,9.477,4.595,4.796,0.592,1.0,5.338,3.862,0.146,5.872,2.5623,T
604,WL09_107,5,3.042,3.854,12.204,2.322,0,10.252,5.242,5.58,0.323,1.0,5.494,3.947,-0.007,4.416,2.5705,T
605,WL09_108,3,2.886,3.848,11.513,1.656,0,9.297,4.595,4.796,0.371,1.0,5.333,3.857,0.292,4.112,2.5353,T
606,WL09_109,5,3.039,3.857,12.241,2.378,0,11.182,5.273,5.687,0.503,1.0,5.495,3.952,0.065,5.898,2.5752,T
607,WL09_110,2,3.29,4.22,13.407,1.764,0,10.974,4.605,4.82,0.337,1.0,5.342,3.859,0.352,6.269,2.5611,T
608,WL09_113,3,2.603,3.666,11.267,2.064,0,8.728,5.017,5.165,0.353,1.0,5.298,3.858,0.01,4.661,2.5717,T
609,WL06_01,4,2.715,4.149,11.5,2.098,1,9.503,4.644,4.844,0.946,1.0,5.339,3.873,-0.018,5.069,2.6314,T
610,WL06_04,5,2.758,3.821,11.921,2.253,0,11.413,4.682,4.949,0.811,1.0,5.352,3.881,0.106,7.788,2.5786,T
611,WL06_06,4,3.312,3.847,13.304,2.334,0,11.335,4.644,4.844,0.544,0.926,5.36,3.871,0.215,6.288,2.5694,T
612,WL06_11,3,2.915,4.483,13.187,1.544,0,10.519,2.773,0.0,1.384,0.806,5.02,3.704,0.203,6.554,2.549,T
613,WL06_13,2,2.68,3.879,10.678,1.167,1,8.117,2.303,2.303,1.157,1.0,4.918,3.613,0.115,4.384,2.5403,T
614,WL06_15,3,2.587,3.683,11.017,1.056,0,8.273,2.303,0.0,0.722,0.9,4.942,3.626,0.296,5.214,2.5224,T
615,WL06_16,3,2.683,3.645,11.11,1.595,0,9.477,4.159,3.871,0.592,1.0,5.073,3.711,0.194,5.705,2.5172,T
616,WL06_19,2,2.68,3.641,10.677,1.0,0,8.104,1.946,0.0,1.224,0.889,4.911,3.603,0.134,4.038,2.5119,T
617,WL06_23,2,2.549,3.641,10.678,1.167,0,8.364,2.079,1.386,0.881,1.0,4.911,3.605,0.16,5.452,2.4728,T
619,WL06_30,2,2.55,3.64,10.678,1.835,0,15.974,2.89,2.773,0.469,0.866,4.911,3.606,0.975,8.651,2.3674,T
620,WL06_32,2,2.55,3.64,10.678,1.71,0,12.857,2.639,2.485,0.544,1.0,4.911,3.605,0.705,7.099,2.3075,T
621,JAM_01,2,3.251,4.226,13.003,1.879,1,6.253,2.708,0.0,0.469,0.94,4.793,3.549,0.421,3.896,2.5529,T
623,JAM_03,2,2.671,3.74,10.845,1.238,1,5.972,2.833,1.946,0.722,0.759,4.473,3.425,0.439,4.793,2.6265,T
624,JAM_04,1,3.461,4.614,13.796,2.073,1,7.856,3.091,1.792,0.65,0.954,4.955,3.64,0.377,5.808,2.6416,T
625,JAM_05,8,3.055,3.953,12.941,2.4,1,14.919,5.451,5.808,0.426,0.789,5.548,3.984,0.374,9.658,2.6416,T
626,JAM_06,8,3.512,4.138,13.951,2.698,1,18.689,5.9,6.315,0.684,0.805,5.528,3.969,-0.139,13.364,2.6456,T
629,JAM_09,6,2.836,3.81,12.129,2.294,1,15.148,5.165,4.89,1.068,0.789,5.325,3.689,-0.082,13.437,2.6562,T
630,JAM_10,4,2.732,3.756,11.382,2.17,1,8.517,5.03,5.056,0.567,0.761,5.306,3.667,-0.031,5.993,2.6591,T
632,JAM_12,4,3.054,5.486,13.863,2.327,1,10.616,5.342,5.609,1.322,0.77,5.859,3.94,-0.181,6.649,2.6601,T
633,JAM_13,4,3.04,5.481,13.847,2.356,1,10.616,5.303,5.533,1.322,0.77,5.849,4.094,-0.17,6.492,2.6939,T
634,JFP_06,2,2.679,3.639,10.671,0.724,0,6.623,1.609,0.0,0.811,0.667,4.721,3.532,0.223,3.975,2.5172,T
636,JFP_53,2,3.108,3.672,12.683,1.061,0,8.922,2.303,0.0,1.157,0.657,5.017,3.633,0.11,-999.0,2.5328,T
638,JFP_55,5,2.859,3.698,12.234,1.879,0,9.658,4.575,4.205,0.592,1.0,5.422,3.89,0.214,5.823,2.6435,T
639,JFP_56,3,2.711,3.743,11.32,1.179,0,6.394,2.708,1.946,0.722,0.94,4.964,3.648,0.186,4.691,2.5453,T
640,JFP_57,3,2.707,3.735,11.263,1.314,0,7.162,2.833,2.565,0.684,0.895,4.945,3.641,0.324,5.322,2.5416,T
641,JFP_59,3,3.207,4.113,12.93,2.023,0,12.234,2.996,3.296,0.567,0.932,4.975,3.641,0.452,5.785,2.4378,T
642,JFP_60,3,2.591,3.683,11.044,1.829,0,12.948,2.833,2.485,0.544,1.0,4.943,3.63,0.692,7.395,2.3181,T
643,XLY08_001,3,2.843,3.693,11.362,1.287,0,6.983,4.489,4.575,0.439,1.0,5.333,3.847,0.06,2.869,2.5899,T
644,XLY08_002,4,2.84,3.812,12.038,1.857,0,11.094,5.069,5.069,0.503,1.0,5.33,3.863,0.049,6.809,2.5378,T
645,XLY08_004,3,2.717,3.768,11.686,1.79,0,10.922,4.615,4.419,0.7,1.0,5.365,3.869,0.261,5.283,2.5079,T
646,XLY08_005,3,2.727,3.768,11.686,1.697,0,9.374,4.625,4.29,0.773,1.0,5.378,3.885,0.144,4.409,2.5145,T
647,XLY08_008,3,2.633,3.644,10.996,2.111,0,9.452,4.477,4.369,0.371,1.0,5.224,3.805,0.159,4.605,2.4955,T
648,XLY08_010,3,3.327,3.898,13.329,1.591,0,8.718,4.673,4.489,0.0,0.901,5.452,3.901,0.238,3.22,2.5563,T
649,XLY08_033,3,2.923,3.391,11.787,1.414,0,6.215,4.263,3.807,0.469,1.0,5.348,3.832,0.111,4.314,2.6365,T
650,XLY08_034,3,2.77,3.48,11.271,1.235,0,6.215,4.344,3.611,0.469,1.0,5.303,3.819,0.111,4.097,2.616,T
651,XLY08_035,2,2.552,3.566,10.558,1.0,0,5.359,4.263,3.219,0.503,1.0,5.221,3.79,0.011,3.648,2.6365,T
652,XLY08_045,3,2.981,3.731,11.99,1.495,1,7.779,4.615,4.29,0.817,1.0,5.41,3.901,0.01,4.825,2.6646,T
653,XLY08_050,4,3.001,3.844,12.179,1.979,0,10.34,5.147,5.198,0.523,1.0,5.446,3.927,-0.04,6.243,2.5988,T
654,XLY08_053,3,2.966,3.832,12.114,2.102,1,9.501,4.762,5.056,0.669,0.938,5.367,3.895,0.152,5.761,2.5877,T
655,XLY08_055,2,2.814,3.603,11.439,1.513,0,8.589,4.443,4.174,0.391,1.0,5.277,3.831,0.159,4.244,2.5682,T
656,XLY08_060,2,3.283,4.217,13.388,1.678,0,8.653,4.533,4.71,0.391,1.0,5.342,3.856,0.176,4.982,2.6618,T
657,XLY08_063,4,2.96,3.648,11.996,1.666,0,7.047,4.575,3.807,0.0,1.0,5.479,3.908,0.182,2.339,2.6117,T
659,XLY08_096,4,2.608,3.856,11.161,2.195,0,15.377,3.296,3.178,0.485,0.975,4.746,3.575,0.77,9.148,2.4031,T
660,XLY08_098,1,3.095,3.838,12.487,0.755,0,8.312,2.485,0.0,0.722,0.757,4.751,3.543,0.275,5.26,2.4698,T
663,XLY08_120,3,2.689,3.683,11.097,1.741,0,10.251,3.178,3.296,0.567,0.898,4.922,3.616,0.584,7.162,2.5132,T
665,XLY08_127,3,2.726,3.768,11.683,1.654,0,8.602,4.595,4.143,0.817,1.0,5.378,3.885,0.043,3.937,2.5478,T
666,XLY08_128,3,2.723,3.766,11.662,1.609,0,7.83,4.533,3.892,0.866,1.0,5.378,3.881,-0.027,3.39,2.5551,T
668,XLY08_132,3,2.937,3.749,11.904,1.491,0,7.009,4.554,4.174,0.684,1.0,5.413,3.888,0.029,3.542,2.6532,T
669,XLY08_134,3,2.878,3.815,11.899,1.853,1,8.705,4.575,4.828,0.773,0.958,5.364,3.879,-0.006,4.672,2.5999,T
670,XLY08_135,3,2.775,3.816,11.574,2.211,0,11.206,4.615,4.844,0.868,0.969,5.339,3.863,0.19,8.377,2.5717,T
671,XLY08_139,3,2.796,3.596,11.343,1.322,0,6.215,4.344,3.892,0.469,1.0,5.315,3.825,0.066,3.974,2.5999,T
673,XLY08_143,2,2.814,3.603,11.439,1.618,0,10.135,4.431,4.248,0.353,1.0,5.26,3.811,0.319,4.885,2.5051,T
674,XLY08_144,3,2.833,3.604,11.664,1.759,0,10.981,4.934,4.654,0.31,1.0,5.263,3.814,0.163,5.343,2.5263,T
675,XLY08_145,3,2.879,3.845,11.49,1.458,0,7.753,4.533,4.71,0.414,1.0,5.333,3.854,0.134,3.325,2.574,T
676,XLY08_150,5,3.027,3.66,12.327,1.963,0,9.452,4.779,4.762,0.0,0.925,5.444,3.92,0.358,3.62,2.6385,T
677,XLY08_151,5,3.021,3.675,12.32,1.904,0,9.452,4.779,4.762,0.0,0.925,5.444,3.92,0.355,3.617,2.6444,T
678,XLY08_153,2,3.29,4.22,13.405,1.706,0,9.426,4.564,4.762,0.371,1.0,5.342,3.858,0.208,5.477,2.6053,T
680,XLY08_182,3,3.729,5.025,16.341,3.413,0,28.675,4.111,3.892,1.273,0.896,5.577,4.07,0.419,17.86,2.4116,T
681,XLY08_184,2,2.68,3.641,10.678,1.414,0,9.948,2.303,2.079,0.918,1.0,4.912,3.606,0.188,7.49,2.4472,T
682,XLY08_186,4,3.26,4.246,13.137,2.275,0,10.561,3.466,3.296,0.567,0.966,5.009,3.682,0.563,7.179,2.5999,T
683,XLY08_187,3,3.206,4.115,12.93,2.023,0,12.39,2.565,2.708,0.567,0.932,4.925,3.618,0.4,7.233,2.4378,T
684,XLY08_189,4,2.715,3.915,11.517,2.117,1,10.277,4.644,4.89,0.906,1.0,5.28,3.842,0.109,5.384,2.6031,T
685,XLY08_191,3,2.705,3.731,11.189,1.833,0,11.025,3.296,3.296,0.544,0.875,4.945,3.633,0.653,8.239,2.5198,T
686,XLY08_192,3,2.705,3.731,11.189,1.891,0,12.575,3.367,3.367,0.503,0.83,4.945,3.633,0.97,8.543,2.5172,T
687,NS_001,0,2.303,2.303,9.153,0.0,0,5.442,0.0,0.0,1.252,0.204,4.05,2.943,0.082,-999.0,2.1139,T
688,NS_003,0,1.414,1.414,0.0,-1.414,0,3.117,0.0,0.0,0.0,0.0,4.19,3.162,0.05,1.152,2.233,T
689,NS_004,0,2.0,2.0,7.624,-1.0,0,3.857,0.0,0.0,0.811,0.0,4.348,3.038,-0.039,-999.0,2.238,T
690,NS_005,1,3.31,3.608,13.165,1.182,0,6.765,4.143,3.611,0.922,0.94,5.232,3.741,-0.142,-999.0,2.2718,T
691,NS_016,0,2.731,4.562,12.468,0.568,0,8.468,1.946,0.0,1.753,0.611,4.584,3.445,0.126,-999.0,2.2989,T
693,NS_018,0,2.214,2.214,8.697,-0.539,0,5.416,0.0,0.0,0.65,0.371,4.005,2.903,0.08,-999.0,2.3075,T
694,NS_043,0,1.732,1.732,0.0,0.0,0,4.675,1.099,0.0,0.0,0.667,3.979,3.109,0.278,1.81,2.3483,T
696,NS_059,1,2.782,3.328,11.226,1.287,0,7.509,4.159,3.664,0.439,1.0,5.112,3.573,0.061,-999.0,2.3856,T
697,NS_067,2,3.341,4.756,14.822,2.604,1,15.214,4.691,4.745,1.7,0.892,5.446,3.862,0.067,8.759,2.4065,T
698,NS_073,2,2.842,3.546,11.848,1.678,1,10.096,4.5,4.533,0.735,0.962,5.276,3.674,0.027,-999.0,2.4265,T
699,NS_079,4,3.641,3.906,14.505,2.715,0,18.617,5.62,5.984,0.871,0.875,5.514,3.757,-0.378,-999.0,2.4362,T
700,NS_100,4,3.02,3.578,12.294,2.293,0,11.61,5.187,5.398,0.31,0.813,5.386,3.673,0.071,-999.0,2.4928,T
701,NS_122,3,3.018,3.599,12.423,2.192,1,12.457,5.176,5.501,0.591,0.975,5.375,3.681,-0.059,-999.0,2.5119,T
702,NS_126,2,2.425,3.713,10.678,1.167,0,8.688,1.946,1.099,1.157,1.0,4.676,3.399,0.304,5.052,2.5185,T
704,NS_138,2,2.424,3.713,10.677,1.0,0,7.909,1.792,0.0,1.224,0.889,4.675,3.399,0.198,4.483,2.5366,T
705,NS_140,1,2.303,3.418,9.153,0.0,0,4.792,0.0,0.0,0.65,0.333,4.461,3.35,0.14,2.009,2.5378,T
708,NS_165,5,3.003,3.825,12.63,2.039,0,8.524,4.595,3.807,0.918,1.0,5.589,3.854,0.111,3.267,2.5599,T
709,NS_166,3,2.686,3.767,11.105,2.037,1,12.382,4.5,4.407,0.986,1.0,5.197,3.641,0.24,8.457,2.5599,T
710,NS_169,2,2.422,3.712,10.671,0.724,0,7.13,1.099,0.0,1.299,0.75,4.672,3.398,0.157,3.982,2.5635,T
711,NS_170,5,2.848,3.829,11.853,2.377,0,12.748,4.762,4.949,0.722,0.954,5.34,3.71,0.378,9.913,2.5658,T
712,NS_192,6,2.672,3.772,11.757,2.415,1,18.263,5.124,5.094,1.049,0.969,5.235,3.652,0.166,15.188,2.5843,T
713,NS_196,3,2.505,3.783,11.215,1.487,0,8.434,3.045,2.565,1.041,0.907,4.756,3.446,0.387,5.772,2.5877,T
714,NS_197,3,2.65,3.713,11.022,2.131,1,15.486,4.564,4.382,0.866,1.0,5.188,3.637,0.507,9.283,2.5888,T
715,NS_198,3,2.37,5.263,11.178,2.0,0,10.428,4.875,4.691,0.868,0.781,5.172,3.765,0.095,3.643,2.5888,T
716,NS_201,1,2.499,3.464,9.976,1.0,0,5.206,3.932,2.565,0.544,1.0,5.034,3.688,0.037,-999.0,2.5911,T
717,NS_203,6,3.612,4.332,14.195,2.508,0,14.55,5.451,5.79,0.575,1.0,5.637,3.853,-0.178,9.582,2.5933,T
718,NS_206,1,2.17,4.046,8.507,-1.0,1,3.922,0.0,0.0,0.722,0.0,4.575,3.366,0.112,1.038,2.5944,T
719,NS_207,3,2.77,3.425,11.271,1.235,0,6.189,4.263,3.219,0.0,0.94,5.225,3.649,0.261,2.235,2.5955,T
720,NS_224,6,3.545,4.136,14.031,2.569,0,14.283,5.407,5.727,0.857,0.978,5.617,3.847,0.056,8.73,2.6138,T
721,NS_227,6,3.582,4.358,14.195,2.508,0,15.543,5.451,5.79,0.994,1.0,5.638,3.857,-0.108,8.54,2.618,T
722,NS_232,5,3.512,4.162,13.919,2.424,0,13.432,5.342,5.659,0.884,0.977,5.557,3.818,-0.036,8.256,2.6222,T
724,NS_242,2,2.906,4.524,13.244,0.65,0,8.351,0.0,0.0,0.918,0.319,4.807,3.584,0.106,3.792,2.6284,T
725,NS_243,6,3.07,3.68,12.614,2.388,0,13.8,5.407,5.927,1.054,0.977,5.561,3.818,-0.084,7.352,2.6335,T
726,NS_244,3,3.026,3.647,12.175,1.618,0,6.341,5.056,5.416,0.0,1.0,5.513,3.761,0.009,2.362,2.6355,T
728,NS_251,4,3.904,4.881,15.546,2.595,0,18.712,5.476,6.066,1.494,0.897,5.684,3.903,-0.171,11.632,2.6599,T
729,NS_252,6,3.517,4.188,13.996,2.427,0,14.779,5.416,5.753,1.023,0.978,5.62,3.856,-0.039,8.285,2.6618,T
730,NS_254,8,3.633,4.035,14.295,2.542,0,15.492,5.501,5.802,0.559,0.981,5.738,3.907,-0.219,9.803,2.6749,T
731,NS_256,3,2.708,3.65,11.715,1.414,0,7.419,4.174,3.714,0.845,0.947,5.146,3.635,0.099,3.638,2.6767,T
732,NS_257,7,3.511,4.138,13.954,2.536,0,16.994,5.69,6.084,0.605,0.984,5.525,3.803,-0.033,11.119,2.6794,T
733,NS_260,18,3.305,4.783,14.149,3.026,1,30.012,6.631,7.216,0.941,0.952,5.696,3.96,-0.131,19.907,2.6857,T
735,NS_266,8,3.591,4.134,14.295,2.542,0,17.483,5.501,5.802,1.186,0.981,5.74,3.914,-0.161,7.75,2.7016,T
736,NS_269,15,3.301,4.119,14.079,2.983,1,21.843,6.378,7.086,0.913,1.0,5.741,3.959,-0.096,14.228,2.7101,T
737,NS_272,8,3.587,4.125,14.295,2.542,0,18.251,5.501,5.802,1.186,0.981,5.739,3.909,0.009,7.306,2.7185,T
738,NS_274,14,3.174,3.866,13.689,2.802,1,25.259,6.641,7.502,0.513,1.0,5.765,3.919,0.026,14.489,2.7316,T
739,NS_276,8,3.089,3.728,13.629,2.679,1,18.457,6.358,7.171,0.672,0.977,5.722,4.022,-0.028,10.826,2.7348,T
740,NS_279,9,3.288,4.107,13.553,2.665,1,15.572,5.905,6.529,0.871,1.0,5.642,4.118,-0.059,10.113,2.7404,T
743,NS_285,14,3.175,3.866,13.735,2.89,1,24.375,6.662,7.552,0.415,0.992,5.77,3.921,0.17,12.688,2.7642,T
744,NS_287,14,3.971,4.877,15.724,3.162,1,28.395,6.45,7.27,1.289,0.929,5.831,3.997,-0.178,19.395,2.7664,T
745,NS_289,14,3.158,3.81,13.623,2.8,1,25.259,6.69,7.467,0.513,0.981,5.74,3.906,-0.258,14.047,2.7774,T
746,NS_290,5,2.878,3.794,11.906,2.358,1,10.993,5.182,5.38,0.986,1.0,5.387,3.75,-0.18,7.593,2.7782,T
747,NS_293,18,3.34,3.746,14.141,2.82,1,31.94,7.152,8.1,0.431,0.98,6.1,4.083,-0.215,18.103,2.791,T
748,NS_295,18,3.356,3.883,14.268,2.897,1,31.056,7.152,8.198,0.346,0.964,6.121,4.094,0.113,16.521,2.7952,T
749,NS_296,8,3.016,3.808,12.896,2.639,1,14.4,6.125,6.899,0.825,0.969,5.705,3.92,0.038,8.551,2.7966,T
750,XLY06_03,3,3.604,3.732,14.183,2.576,0,13.713,4.673,5.056,0.523,0.748,5.388,3.847,0.496,-999.0,2.616,T
751,XLY06_06,4,2.727,3.768,11.737,2.115,0,11.012,4.644,4.443,0.7,0.966,5.379,3.886,0.271,5.238,2.4914,T
754,XLY06_38,3,3.018,3.799,12.27,1.524,1,8.705,4.673,4.394,0.773,0.958,5.439,3.918,0.107,4.847,2.6656,T
755,XLY06_39,3,2.947,3.799,12.043,2.057,0,11.206,4.691,4.554,0.868,0.969,5.414,3.902,0.181,8.545,2.534,T
757,XLY06_46,3,2.947,3.799,12.003,1.498,0,8.705,4.644,4.419,0.619,1.0,5.413,3.901,0.112,5.484,2.5922,T
758,XLY06_51,3,2.635,3.655,11.131,2.147,0,12.55,4.543,4.489,0.31,1.0,5.224,3.805,0.445,6.289,2.3979,T
759,XLY06_54,2,2.65,3.62,10.777,1.959,0,16.936,4.564,4.454,0.0,0.821,5.22,3.801,0.93,7.069,2.444,T
760,XLY06_60,2,2.63,3.638,10.777,1.786,0,10.161,4.466,4.344,0.567,1.0,5.221,3.803,0.188,6.325,2.4669,T
761,XLY06_62,3,2.777,3.575,11.49,1.458,1,7.779,4.511,4.615,0.817,1.0,5.28,3.835,0.093,2.716,2.6096,T
763,XLY06_64,2,2.65,3.62,10.777,1.946,0,15.382,4.543,4.431,0.0,0.882,5.22,3.801,0.834,6.467,2.3747,T
765,XLY06_72,4,2.948,3.805,12.047,1.982,0,10.341,4.7,4.554,0.567,0.966,5.415,3.902,0.22,6.606,2.6021,T
766,XLY06_76,4,2.951,3.81,12.077,1.811,0,9.568,4.673,4.533,0.592,0.962,5.419,3.904,0.133,6.115,2.6222,T
767,XLY06_80,3,2.946,3.794,11.99,1.495,0,7.933,4.615,4.29,0.65,1.0,5.413,3.898,0.026,4.84,2.6053,T
768,XLY06_90,2,2.65,3.62,10.777,1.971,0,19.268,4.595,4.489,0.0,0.741,5.22,3.801,1.177,8.621,2.4843,T
769,XLY06_91,2,2.65,3.62,10.777,1.868,0,11.503,4.489,4.369,0.0,1.0,5.22,3.801,0.553,4.613,2.3424,T
770,XLY06_92,2,2.65,3.62,10.777,1.968,0,18.49,4.585,4.477,0.0,0.767,5.22,3.801,0.97,7.764,2.4843,T
772,XLY06_96,2,2.65,3.62,10.777,1.834,0,10.728,4.477,4.357,0.0,1.0,5.22,3.801,0.466,4.596,2.3579,T
773,XLY06_98,3,2.947,3.799,12.005,1.715,0,11.025,4.691,4.554,0.544,1.0,5.413,3.901,0.197,6.856,2.5623,T
774,XLY06_99,2,2.814,3.603,11.439,1.618,0,10.135,4.466,4.234,0.353,1.0,5.278,3.831,0.33,4.887,2.5051,T
775,XLY06_100,3,2.835,3.628,11.671,1.667,0,9.476,4.97,4.949,0.337,1.0,5.302,3.848,0.05,5.304,2.5263,T
776,XLY06_102,3,2.947,3.799,12.005,1.514,0,9.477,4.673,4.489,0.592,1.0,5.413,3.901,0.204,6.083,2.5809,T
777,XLY06_104,4,3.004,3.629,12.114,1.879,0,7.047,4.466,3.611,0.0,1.0,5.49,3.919,0.139,2.382,2.6385,T
778,XLY09_04,7,2.865,3.817,13.05,2.303,0,15.654,5.058,4.924,1.333,0.885,5.748,4.046,-0.076,4.196,2.6561,T
781,HA_01,9,3.511,5.486,14.646,2.972,1,25.053,6.227,6.808,1.185,0.96,5.926,4.166,-0.009,16.054,2.614,T
782,HA_02,7,3.037,5.48,13.983,2.628,0,17.477,5.974,6.5,0.788,0.986,5.84,4.094,0.048,9.924,2.6182,T
783,HA_03,7,3.038,5.481,13.931,2.573,0,18.962,5.908,6.275,0.754,0.987,5.849,4.097,0.075,10.628,2.6224,T
784,HA_04,8,3.511,5.483,14.612,2.968,1,22.479,6.122,6.671,1.018,0.967,5.897,4.146,-0.133,14.283,2.6265,T
785,HA_05,3,3.04,5.483,13.838,2.072,0,9.926,5.252,5.501,1.014,0.969,5.841,4.085,0.013,5.308,2.6416,T
786,HA_06,6,3.138,5.48,13.957,2.627,0,16.627,5.932,6.553,0.708,0.985,5.854,4.092,0.044,7.577,2.6446,T
787,HA_07,8,3.511,5.458,14.85,3.223,0,23.72,6.111,6.616,0.859,0.953,5.914,4.13,-0.008,-999.0,2.6475,T
788,HA_08,8,3.038,5.481,13.982,2.588,0,19.049,5.986,6.438,0.754,0.987,5.849,4.098,-0.027,10.29,2.6524,T
789,HA_09,9,3.521,5.48,14.605,2.85,0,21.59,6.071,6.561,0.709,0.977,5.842,4.098,0.156,12.353,2.6543,T
791,HA_11,7,3.036,5.48,13.936,2.632,0,18.392,5.927,6.368,0.852,0.932,5.839,4.093,-0.015,11.239,2.6562,T
792,HA_12,7,3.511,5.48,14.544,2.68,0,19.919,5.989,6.466,0.738,0.975,5.84,4.094,-0.065,11.384,2.662,T
794,HA_14,8,3.517,5.48,14.607,2.914,1,22.479,6.098,6.632,1.018,0.967,5.841,4.1,-0.012,13.559,2.6657,T
795,HA_15,9,3.523,5.48,14.67,2.985,1,25.053,6.211,6.799,1.185,0.96,5.848,4.123,-0.216,16.65,2.6704,T
796,HA_16,6,3.086,5.48,13.983,2.505,0,15.591,5.759,6.378,0.866,0.983,5.854,4.102,-0.02,6.716,2.6704,T
799,HA_19,8,3.666,5.48,14.805,2.684,0,22.405,6.232,6.81,0.669,0.99,5.841,4.098,-0.082,12.761,2.675,T
800,HA_20,7,3.611,5.48,14.704,2.682,0,20.841,6.08,6.621,0.695,0.967,5.84,4.095,0.147,12.407,2.6796,T
801,HA_21,8,3.038,5.48,14.024,2.668,0,19.074,5.989,6.466,0.835,0.987,5.84,4.095,-0.015,11.02,2.6796,T
802,HA_22,5,3.036,5.48,13.884,2.437,0,14.158,5.638,6.043,0.912,0.981,5.838,4.092,-0.033,8.155,2.6841,T
803,HA_23,9,3.511,5.458,14.644,2.82,0,22.391,6.111,6.616,0.84,0.978,5.904,4.138,0.103,14.232,2.6841,T
804,HA_24,7,3.037,5.48,13.993,2.601,0,16.001,5.958,6.518,0.825,0.984,5.84,4.096,-0.186,9.059,2.6886,T
805,HA_25,5,3.044,5.481,13.923,2.444,0,13.24,5.694,6.29,0.832,0.98,5.862,4.105,-0.035,6.478,2.6894,T
806,HA_26,7,3.036,5.48,13.972,2.64,0,17.477,5.969,6.491,0.788,0.986,5.839,4.094,-0.045,9.613,2.693,T
807,HA_27,11,3.511,5.434,14.731,2.908,0,24.877,6.205,6.703,0.909,0.98,5.947,4.159,-0.031,16.495,2.693,T
808,HA_28,3,3.075,5.457,13.929,1.97,0,9.926,5.215,5.442,1.014,0.969,5.861,4.086,0.024,5.772,2.6939,T
809,HA_29,7,3.038,5.48,14.043,2.555,0,16.001,5.958,6.512,0.825,0.984,5.842,4.097,-0.201,9.511,2.6939,T
810,HA_30,7,3.187,5.355,13.854,2.697,1,17.874,5.892,6.319,1.018,0.985,5.75,4.054,-0.111,7.847,2.6947,T
812,HA_32,7,3.035,5.48,13.936,2.632,0,19.161,5.927,6.368,0.922,0.986,5.839,4.091,-0.114,7.924,2.6974,T
814,HA_34,7,3.037,5.48,13.993,2.604,0,16.001,5.958,6.535,0.825,0.984,5.84,4.096,-0.222,9.023,2.6991,T
815,HA_35,11,3.038,5.48,14.159,2.974,0,21.553,6.05,6.512,0.709,0.988,5.843,4.099,0.206,12.306,2.7,T
817,HA_37,9,3.798,5.48,15.057,2.686,0,24.907,6.466,7.144,0.613,0.938,5.859,4.119,-0.325,14.162,2.7017,T
818,HA_38,4,3.073,5.483,13.954,2.177,1,12.507,5.468,5.883,1.373,0.95,5.892,4.135,-0.067,7.167,2.7051,T
819,HA_39,10,3.244,5.48,14.29,2.735,0,21.628,6.333,7.011,0.682,0.979,5.879,4.128,-0.067,13.258,2.706,T
820,HA_40,5,3.211,5.457,14.104,2.194,0,11.76,5.802,6.395,0.884,0.977,5.961,4.152,-0.122,6.42,2.7085,T
821,HA_41,5,3.207,5.457,14.101,2.241,0,11.76,5.72,6.29,0.884,0.977,5.928,4.137,-0.159,6.393,2.7085,T
822,HA_42,3,3.035,5.48,13.83,2.11,0,10.327,5.231,5.46,1.061,0.969,5.836,4.085,0.008,3.438,2.7102,T
823,HA_43,11,3.293,5.48,14.378,2.825,0,24.135,6.55,7.343,0.623,0.951,5.911,4.16,0.083,14.762,2.7102,T
824,HA_44,7,3.039,5.481,14.544,2.68,0,20.305,6.047,6.555,1.014,0.875,5.869,4.117,-0.061,10.637,2.7145,T
825,HA_45,3,3.036,5.48,13.83,2.11,0,9.926,5.231,5.46,1.014,0.969,5.836,4.086,0.04,5.21,2.7186,T
826,HA_46,7,3.236,5.465,14.7,2.825,0,17.897,6.18,6.876,1.006,0.972,6.035,4.193,-0.157,8.789,2.7186,T
829,HA_49,5,3.051,5.48,13.922,2.353,0,13.24,5.694,6.301,0.832,0.98,5.853,4.1,0.137,6.517,2.7309,T
830,HA_50,11,3.132,5.491,14.679,2.996,0,23.658,6.223,6.753,0.944,0.979,5.948,4.156,0.198,12.967,2.7309,T
833,HA_53,7,3.059,5.481,14.564,2.838,0,19.384,6.084,6.788,0.966,0.87,5.898,4.132,-0.126,8.796,2.7397,T
834,HA_54,11,3.879,5.48,15.238,2.811,0,23.864,6.621,7.407,0.613,0.938,5.851,4.175,-0.192,13.581,2.7428,T
836,HA_56,1,2.461,4.481,11.023,1.0,0,5.857,4.234,3.892,1.224,0.93,5.396,3.837,0.028,1.671,2.7946,T
837,HA_57,5,3.204,4.506,12.985,2.178,0,8.99,5.748,6.644,1.014,0.969,5.716,4.138,-0.176,4.158,2.8015,T
840,HA_C,9,3.511,5.5,15.063,3.406,0,31.887,6.277,6.9,1.384,0.965,5.981,4.175,-0.086,15.927,2.6676,T
842,HA_E,7,3.967,5.48,15.714,2.791,0,25.759,6.103,6.698,1.251,0.902,5.842,4.115,-0.068,16.229,2.6796,T
844,HA_G,19,3.427,5.48,14.77,3.289,0,37.476,7.137,8.09,0.447,0.894,6.01,4.236,-0.072,23.05,2.7309,T
845,HA_H,16,3.311,5.48,14.56,3.176,0,32.097,6.855,7.7,0.642,0.955,5.936,4.182,-0.158,18.049,2.7428,T
846,HA_I,17,3.362,5.48,14.643,3.239,0,32.439,6.884,7.743,0.505,0.956,5.967,4.195,-0.14,19.183,2.7468,T
847,YL_01,14,3.141,3.802,13.623,2.8,1,25.259,6.713,7.525,0.513,0.958,5.764,3.917,-0.095,14.114,2.7193,T
848,YL_02,14,3.164,3.863,13.699,2.89,1,24.375,6.641,7.449,0.415,0.981,5.703,3.889,0.06,13.695,2.7642,T
849,YL_03,14,3.164,3.863,13.651,2.801,1,25.259,6.62,7.393,0.513,0.992,5.699,3.886,-0.147,15.652,2.7316,T
851,YL_05,14,3.159,3.81,13.623,2.8,1,25.259,6.631,7.385,0.513,0.981,5.685,3.879,0.135,14.743,2.7404,T
852,YL_06,16,3.339,3.746,14.099,2.793,1,27.715,6.984,7.922,0.377,0.977,5.933,4.0,-0.168,14.497,2.7372,T
853,YL_07,16,3.342,3.858,14.041,2.823,1,27.715,7.079,8.077,0.377,0.946,6.117,4.091,-0.11,14.821,2.7672,T
854,YL_08,18,3.343,3.862,14.117,2.879,1,31.056,7.161,8.175,0.346,0.976,6.121,4.094,0.237,16.547,2.7767,T
855,YL_10,18,3.341,3.867,14.15,2.903,1,30.174,7.203,8.264,0.222,0.964,6.136,4.101,0.208,13.8,2.8215,T
856,YL_11,23,3.882,4.587,15.732,3.189,1,38.028,7.373,8.342,0.288,0.932,5.977,4.239,-0.253,19.817,2.8182,T
857,YL_12,23,3.879,4.579,15.732,3.189,1,38.028,7.361,8.317,0.288,0.919,5.997,4.235,-0.646,20.008,2.8312,T
860,YL_15,18,3.882,4.587,15.181,3.13,1,29.997,7.108,8.088,0.219,0.95,5.931,4.023,-0.264,14.266,2.8149,T
861,YL_16,18,3.882,4.587,15.171,3.13,1,30.87,7.048,7.978,0.341,0.976,5.917,4.015,0.108,16.666,2.7694,T
862,YL_17,19,3.872,4.579,15.145,3.131,1,32.396,7.088,8.019,0.42,0.944,5.979,4.219,-0.419,18.448,2.7731,T
863,YL_18,12,3.226,3.882,13.642,2.88,1,20.154,6.623,7.589,0.297,0.976,5.871,3.971,-0.115,8.952,2.8228,T
864,YL_19,12,3.246,3.882,13.591,2.786,1,21.034,6.601,7.541,0.462,0.99,5.869,3.97,-0.012,10.914,2.8142,T
866,YL_21,16,3.209,3.871,13.849,2.943,1,26.834,6.879,7.805,0.242,0.962,5.835,3.952,-0.186,11.524,2.791,T
867,YL_22,18,3.209,3.871,13.94,2.966,1,30.174,6.987,7.911,0.222,0.912,5.837,3.953,-0.226,13.066,2.7945,T
869,YL_24,14,3.208,3.871,13.703,2.821,1,24.375,6.741,7.643,0.415,0.992,5.83,3.948,0.133,12.234,2.7619,T
870,YL_25,8,2.976,3.807,12.896,2.639,1,14.4,6.129,6.929,0.825,0.969,5.712,3.923,-0.007,8.549,2.7966,T
871,YL_26,14,3.083,3.837,13.692,2.916,1,22.168,6.906,7.919,0.592,0.935,6.021,4.072,0.138,12.137,2.8096,T
872,YL_27,12,3.175,5.486,14.323,2.985,1,22.877,6.831,7.821,0.721,0.924,6.098,4.293,-0.025,10.166,2.791,T
874,YL_29,9,3.145,3.913,13.122,2.771,1,15.055,6.18,6.973,0.806,0.985,5.702,4.092,0.084,8.307,2.7716,T
875,YL_30,8,2.879,3.795,12.879,2.708,1,14.4,6.111,6.836,0.825,0.984,5.634,3.875,0.024,8.574,2.7627,T
876,YL_31,14,3.14,3.793,13.605,2.865,1,24.422,6.773,7.69,0.583,0.992,5.846,3.983,0.057,13.765,2.7582,T
877,YL_32,10,3.004,3.826,13.111,2.764,1,17.741,6.344,7.157,0.723,1.0,5.708,3.907,-0.062,10.052,2.7619,T
878,YL_33,14,3.13,3.787,13.548,2.811,1,25.307,6.745,7.608,0.678,0.992,5.818,3.972,0.05,15.772,2.7251,T
879,YL_34,12,3.02,3.826,13.22,2.782,1,21.966,6.497,7.276,0.748,0.972,5.71,3.909,0.067,13.193,2.7059,T
880,YL_35,18,3.343,3.859,14.086,2.832,1,31.94,7.062,8.009,0.431,0.976,5.953,4.012,-0.001,19.063,2.7226,T
881,YL_36,16,3.349,3.867,14.077,2.883,1,26.834,7.118,8.185,0.242,0.945,6.132,4.099,0.023,12.356,2.8082,T
883,YL_38,14,3.121,3.821,13.596,2.869,1,23.575,6.827,7.824,0.723,0.974,6.02,4.279,-0.03,14.11,2.7619,T
885,YL_40,14,3.09,3.82,13.577,2.866,1,21.846,6.814,7.8,0.748,0.981,6.02,4.272,-0.106,14.669,2.8116,T
887,YL_42,17,3.157,3.909,13.743,2.912,1,30.196,6.983,7.894,0.684,0.974,6.021,4.272,0.065,18.447,2.73,T
890,YL_45,14,3.08,3.787,13.601,2.867,1,24.422,6.871,7.797,0.583,0.981,6.003,4.062,0.072,13.989,2.7559,T
891,YL_46,12,3.148,3.86,13.582,2.745,1,21.034,6.564,7.382,0.462,0.948,5.761,3.917,0.165,10.929,2.7582,T
892,YL_47,14,3.142,3.802,13.673,2.888,1,24.375,6.732,7.574,0.415,0.968,5.769,3.92,-0.058,12.124,2.7782,T
893,YL_48,18,3.348,3.864,14.12,2.887,1,31.056,7.082,8.076,0.346,0.976,5.972,4.021,0.333,16.001,2.7619,T
895,YL_50,24,3.868,4.579,15.717,3.189,1,39.547,7.405,8.378,0.357,0.943,6.016,4.245,-0.551,21.815,2.8215,T
896,YL_51,19,3.868,4.567,15.142,3.144,1,32.396,7.114,8.01,0.42,0.994,5.947,4.2,-0.342,17.65,2.7875,T
897,YL_52,12,3.216,3.882,13.642,2.882,1,20.154,6.623,7.583,0.297,0.976,5.87,3.971,0.037,8.915,2.8169,T
898,YL_53,4,3.09,3.659,12.584,1.814,1,8.189,5.587,6.217,0.337,1.0,5.632,3.843,-0.076,3.489,2.8376,T
900,YL_55,10,3.096,3.785,13.397,2.752,1,16.862,6.658,7.701,0.544,0.883,6.044,4.088,-0.003,8.952,2.8048,T
901,YL_56,8,3.019,3.824,12.988,2.717,1,13.523,6.163,7.006,0.619,1.0,5.701,3.903,-0.047,6.907,2.8122,T
904,YL_62,16,3.093,4.148,13.665,2.872,1,27.349,6.947,7.942,0.676,0.978,6.025,4.276,-0.165,14.477,2.7875,T
905,SFT_I1,4,3.51,4.132,14.182,2.489,0,16.731,5.549,5.866,0.744,0.984,5.507,3.948,0.012,10.141,2.5577,T
907,SFT_I3,4,3.51,4.132,14.253,2.489,0,19.93,5.598,5.943,0.77,0.986,5.513,3.961,0.17,13.43,2.5601,T
909,SFT_I5,5,3.51,4.132,14.45,2.491,0,19.198,5.666,6.033,0.659,0.961,5.52,3.964,0.327,13.09,2.5637,T
912,SFT_I9,13,3.623,4.09,14.889,3.138,0,29.856,6.273,6.735,1.256,0.951,5.924,4.162,-0.145,11.898,2.5541,T
913,SFT_I10,13,3.623,4.09,14.787,3.12,0,30.795,6.242,6.653,1.312,0.887,5.918,4.158,-0.217,13.675,2.5226,T
914,SFT_II11,4,3.209,3.667,13.2,2.44,0,14.27,5.517,5.894,0.808,1.0,5.463,3.936,-0.045,8.553,2.6055,T
915,SFT_II12,5,3.443,3.796,13.799,2.455,0,16.763,5.638,6.057,0.708,0.97,5.481,3.953,0.453,11.684,2.6022,T
921,SFT_III18,3,3.291,3.672,13.308,2.473,0,14.357,5.118,5.187,0.912,0.827,5.323,3.89,0.337,10.962,2.5811,T
923,SFT_IV20,5,3.443,5.48,14.45,2.491,0,19.583,5.746,6.168,1.03,0.961,5.841,4.095,0.387,13.002,2.6076,T
925,SFT_IV22,5,3.292,5.48,14.287,2.493,0,20.504,5.733,6.146,1.077,0.963,5.84,4.095,0.171,13.532,2.5946,T
